Workbook

Sheet UserSampleSubmission
B1: Sample submission | D1: version 4.14.0 | H1: All Names provided should only use the following characters : a-z, A-Z, 0-9, dash ( - ), underscore ( _ ). Do not use any other special character.
D2: (*) Mandatory fields when not greyed out
A3: Hercules Project Name | D3: *
A4: Principal Investigator | D4: *
A5: Quote number | D5: *
F6: Coordinates order | G6: Column
A8: * | B8: * | C8: * | D8: * | F8: * | G8: * | J8: * | K8: * | L8: * | M8: * | N8: * | O8: * | U8: * | V8: * | W8: * | Y8: *
A9: Sample Type | B9: Sample Kind | C9: Sample Name | D9: Pool Name | E9: Ratio Library In Pool | F9: Volume (uL) | G9: Conc. (ng/uL) | H9: Collection Site | I9: Tissue Source | J9: Container Kind | K9: Container Name | L9: Sample Coord | M9: Location Kind | N9: Location Name | O9: Container Coord | P9: Taxon | Q9: Sex | R9: Reference Genome | S9: Individual Name | T9: Cohort | U9: Library Type | V9: Platform | W9: Strandedness | X9: Index Set | Y9: Index | Z9: Selection | AA9: Selection Target | AB9: Comment

Sheet UserPoolSubmission
A1: Pool Submission | C1: Only complete this form if you are submitting pooled libraries.
C2: * | D2: *
A3: Pool Name | B3: Pool Volume | C3: Container Kind | D3: Container Name | E3: Pool Coord | F3: Comment

Sheet IndexSubmission
A1: Index Submission | C1: Only complete this form if you cannot find the index on the list provided.
A3: Index Set name :
A4: Adapter Type :
A6: Index Name | B6: Index 3 prime sequence (i7) | C6: Index 5 prime sequence (i5)

Sheet UserSampleSubmission_Example
B1: SAMPLE SUBMISSION | E1: version 4.14.0 | F1: (*) Mandatory fields
A3: Hercules Project Name | B3: Client Manifest | D3: *
A4: Principal Investigator | B4: Andres T | D4: *
A5: Quote number | B5: Q00001 | D5: *
E6: Coordinates order | F6: Column
A8: * | B8: * | C8: * | D8: * | E8: * | F8: * | I8: * | J8: * | K8: * | T8: * | U8: * | V8: * | X8: *
A9: Sample Type | B9: Sample Kind | C9: Sample Name | D9: Pool Name | E9: Volume (uL) | F9: Conc. (ng/uL) | G9: Collection Site | H9: Tissue Source | I9: Container Kind | J9: Container Name | K9: Sample Coord | L9: Location Kind | M9: Location Name | N9: Container Coord | O9: Taxon | P9: Sex | Q9: Reference Genome | R9: Individual Name | S9: Cohort | T9: Library Type | U9: Platform | V9: Strandedness | W9: Index Set | X9: Index | Y9: Selection | Z9: Selection Target | AA9: Comment
A10: Sample | B10: DNA | C10: Sample1 | E10: 55 | F10: 77 | G10: MUHC | H10: BLOOD | I10: 96-well plate | J10: PlateMUHC1 | K10: A01 | O10: Homo sapiens | P10: M | Q10: GRCh38.p14 | R10: IND_1 | S10: WE_ARE_COHORT
A11: Sample | B11: RNA | C11: Sample2 | E11: 55 | F11: 77 | G11: MUHC | H11: BLOOD | I11: 96-well plate | J11: PlateMUHC1 | K11: B01 | O11: Homo sapiens | P11: F | Q11: GRCh38.p14 | R11: IND_1 | S11: WE_ARE_COHORT
A12: Sample | B12: BAL | C12: Sample3 | E12: 55 | G12: MUHC | I12: 96-well plate | J12: PlateMUHC1 | K12: C01 | O12: Homo sapiens | P12: F | Q12: GRCh38.p14 | R12: IND_2 | S12: WE_ARE_COHORT
A13: Sample | B13: BAL | C13: Sample4 | E13: 55 | G13: MUHC | I13: 96-well plate | J13: PlateMUHC1 | K13: D01 | O13: Homo sapiens | P13: M | Q13: GRCh38.p14 | R13: IND_3 | S13: WE_ARE_COHORT
A14: Library | B14: DNA | C14: Sample5 | E14: 55 | F14: 63 | G14: Ste-Justine | H14: TISSUE | I14: 96-well plate | J14: PlateSJ1 | K14: A01 | O14: Homo sapiens | P14: F | Q14: GRCh38.p14 | R14: IND_4 | S14: WE_ARE_COHORT | T14: WGBS | U14: ILLUMINA | V14: Double stranded | W14: Agilent-SureSelect_XT_LI_low-input | X14: SSXTLI7009
A15: Sample | B15: RNA | C15: Sample6 | E15: 55 | F15: 66 | G15: Ste-Justine | H15: BUFFY COAT | I15: 96-well plate | J15: PlateSJ1 | K15: D01 | O15: Homo sapiens | P15: M | Q15: GRCh38.p14 | R15: IND_1311
A16: Sample | B16: RNA | C16: Sample7 | E16: 55 | F16: 66 | G16: Ste-Justine | H16: BUFFY COAT | I16: 96-well plate | J16: PlateSJ1 | K16: E01 | O16: Homo sapiens | P16: M | Q16: GRCh38.p14 | R16: RND_111
A17: Library | B17: DNA | C17: Sample8 | E17: 55 | F17: 66 | G17: Ste-Justine | H17: BUFFY COAT | I17: 96-well plate | J17: PlateSJ1 | K17: A02 | O17: Homo sapiens | P17: F | Q17: GRCh38.p14 | R17: IND_5 | S17: WE_ARE_COHORT | T17: PCR-free | U17: ILLUMINA | V17: Double stranded | W17: Illumina-Made_by_IDT_for_Illumina-Nextera_UDP_v3 | X17: UDP70001-UDP50001
A18: Library | B18: DNA | C18: Sample9 | E18: 55 | F18: 66 | G18: Ste-Justine | H18: BUFFY COAT | I18: 96-well plate | J18: PlateSJ1 | K18: C02 | O18: Homo sapiens | P18: Unknown | Q18: GRCh38.p14 | R18: IND_6 | S18: WE_ARE_COHORT | T18: PCR-free | U18: ILLUMINA | V18: Double stranded | W18: Illumina-Made_by_IDT_for_Illumina-Nextera_UDP_v3 | X18: UDP70002-UDP50002
A19: Library | B19: DNA | C19: Sample10 | E19: 55 | F19: 66 | G19: Ste-Justine | H19: BUFFY COAT | I19: Tube | J19: TubeErnesto | L19: Tube box 9x9 | M19: TubeBox1 | N19: A01 | O19: Homo sapiens | P19: M | Q19: GRCh38.p14 | T19: PCR-free | U19: ILLUMINA | V19: Double stranded | W19: Illumina-Made_by_IDT_for_Illumina-Nextera_UDP_v3 | X19: UDP70003V3-UDP50003V3
A20: Library | B20: DNA | C20: Sample11 | E20: 55 | F20: 66 | G20: Ste-Justine | H20: BUFFY COAT | I20: Tube | J20: TubeBrenda | L20: Tube box 9x9 | M20: TubeBox1 | N20: A02 | O20: Homo sapiens | P20: F | Q20: GRCh38.p14 | T20: PCR-enriched | U20: ILLUMINA | V20: Double stranded | W20: Illumina-Made_by_IDT_for_Illumina-Nextera_UDP_v3 | X20: UDP70004-UDP50004
A21: Library | B21: DNA | C21: Sample12 | E21: 55 | F21: 66 | G21: Ste-Justine | H21: BUFFY COAT | I21: Tube | J21: TubeBrenda2 | L21: Tube rack 8x12 | M21: TubeRack1 | N21: A01 | O21: Homo sapiens | P21: Unknown | Q21: GRCh38.p14 | T21: PCR-enriched | U21: ILLUMINA | V21: Double stranded | W21: Illumina-Made_by_IDT_for_Illumina-Nextera_UDP_v3 | X21: UDP70005V3-UDP50005V3
A22: Library in pool | B22: DNA | C22: PooledLibrary1 | D22: Pool1 | E22: 55 | G22: MUHC | H22: BUFFY COAT | O22: Mus musculus | P22: M | Q22: GRCm39 | R22: MOUSE_1 | T22: RNASeq | U22: ILLUMINA | V22: Double stranded | W22: Illumina-Made_by_IDT_for_Illumina-Nextera_UDP_v3 | X22: UDP70006-UDP50006
A23: Library in pool | B23: DNA | C23: PooledLibrary2 | D23: Pool1 | E23: 55 | G23: MUHC | H23: BUFFY COAT | O23: Mus musculus | P23: F | Q23: GRCm39 | R23: MOUSE_2 | T23: RNASeq | U23: ILLUMINA | V23: Double stranded | W23: Illumina-Made_by_IDT_for_Illumina-Nextera_UDP_v3 | X23: UDP70007-UDP50007
A24: Library in pool | B24: DNA | C24: PooledLibrary3 | D24: Pool1 | E24: 55 | G24: MUHC | H24: BUFFY COAT | O24: Mus musculus | P24: F | Q24: GRCm39 | R24: MOUSE_3 | T24: RNASeq | U24: ILLUMINA | V24: Double stranded | W24: Illumina-Made_by_IDT_for_Illumina-Nextera_UDP_v3 | X24: UDP70008-UDP50008
A25: Library in pool | B25: DNA | C25: PooledLibrary4 | D25: Pool1 | E25: 55 | G25: MUHC | H25: BUFFY COAT | O25: Mus musculus | P25: M | Q25: GRCm39 | R25: MOUSE_4 | T25: RNASeq | U25: ILLUMINA | V25: Double stranded | W25: Illumina-Made_by_IDT_for_Illumina-Nextera_UDP_v3 | X25: UDP70009-UDP50009

Sheet UserPoolSubmission_Example
A1: Pool Submission
A2: * | C2: * | D2: * | E2: *
A3: Pool Name | B3: Pool Volume | C3: Container Kind | D3: Container Name | E3: Pool Coord | F3: Comment
A4: Pool1 | B4: 220 | C4: 96-well plate | D4: TubePool1 | E4: A01 | F4: My precious...

Sheet SampleSubmission
B1: SAMPLE SUBMISSION | E1: version 4.14.0 | F1: (*) Mandatory fields
A3: Hercules Project Name | C3: =IF(UserSampleSubmission!B3="","",UserSampleSubmission!B3)
A4: Principal Investigator | C4: =IF(UserSampleSubmission!B4="","",UserSampleSubmission!B4)
A5: Quote number | C5: =IF(UserSampleSubmission!B5="","",UserSampleSubmission!B5)
A6: Reception Date (YYYY-MM-DD) | F6: * | H6: Coordinates order | I6: =UserSampleSubmission!G6 -> Column
A8: * | B8: * | C8: * | D8: * | F8: * | H8: * | L8: * | N8: * | O8: * | T8: * | AC8: * | AD8: * | AE8: * | AG8: *
A9: Sample Type | B9: Reception (YYYY-MM-DD) | C9: Sample Kind | D9: Sample Name | E9: Alias | F9: Pool Name | G9: Ratio Library In Pool | H9: Volume (uL) | I9: Conc. (ng/uL) | J9: Collection Site | K9: Tissue Source | L9: Container Kind | M9: Container Barcode | N9: Container Name | O9: Sample Coord | P9: Location Kind | Q9: Location Barcode | R9: Location Name | S9: Container Coord | T9: Project | U9: Study | V9: Experimental Group | W9: Taxon | X9: Sex | Y9: Reference Genome | Z9: Individual Name | AA9: Individual Alias | AB9: Cohort | AC9: Library Type | AD9: Platform | AE9: Strandedness | AF9: Index Set | AG9: Index | AH9: Selection | AI9: Selection Target | AJ9: Comment
B10: =IF(SampleSubmission!A10="","",IF(SampleSubmission!C$6="","",SampleSubmission!C$6)) | C10: =IF(UserSampleSubmission!B10="","",UserSampleSubmission!B10) | D10: =IF(UserSampleSubmission!C10="","",UserSampleSubmission!C10) | F10: =IF(UserSampleSubmission!D10="","",UserSampleSubmission!D10) | G10: =IF(UserSampleSubmission!E10="","",UserSampleSubmission!E10) | H10: =IF(UserSampleSubmission!F10="","",UserSampleSubmission!F10) | I10: =IF(UserSampleSubmission!G10="","",UserSampleSubmission!G10) | J10: =IF(UserSampleSubmission!H10="","",UserSampleSubmission!H10) | K10: =IF(OR(UserSampleSubmission!A10="", UserSampleSubmission!B10="", AND(UserSampleSubmission!B10<>"DNA", UserSampleSubmission!B10<>"RNA")), "", IF(UserSampleSubmission!I10="","TISSUE",UserSampleSubmission!I10)) | L10: =IF(UserSampleSubmission!J10="","",UserSampleSubmission!J10) | M10: =IF(UserSampleSubmission!K10="","",UserSampleSubmission!K10) | N10: =IF(UserSampleSubmission!K10="","",UserSampleSubmission!K10) | O10: =IF(UserSampleSubmission!L10="","",UserSampleSubmission!L10) | P10: =IF(UserSampleSubmission!M10="","",UserSampleSubmission!M10) | Q10: =IF(R10="","",R10) | R10: =IF(UserSampleSubmission!N10="","",UserSampleSubmission!N10) | S10: =IF(UserSampleSubmission!O10="","",UserSampleSubmission!O10) | W10: =IF(UserSampleSubmission!P10="","",UserSampleSubmission!P10) | X10: =IF(UserSampleSubmission!Q10="","",UserSampleSubmission!Q10) | Y10: =IF(UserSampleSubmission!R10="","",UserSampleSubmission!R10) | Z10: =IF(UserSampleSubmission!S10="","",UserSampleSubmission!S10) | AB10: =IF(UserSampleSubmission!T10="","",UserSampleSubmission!T10) | AC10: =IF(UserSampleSubmission!U10="","",UserSampleSubmission!U10) | AD10: =IF(UserSampleSubmission!V10="","",UserSampleSubmission!V10) | AE10: =IF(UserSampleSubmission!W10="","",UserSampleSubmission!W10) | AF10: =IF(UserSampleSubmission!X10="","",UserSampleSubmission!X10) | AG10: =IF(UserSampleSubmission!Y10="","",UserSampleSubmission!Y10) | AH10: =IF(UserSampleSubmission!Z10="","",UserSampleSubmission!Z10) | AI10: =IF(UserSampleSubmission!AA10="","",UserSampleSubmission!AA10) | AJ10: =IF(UserSampleSubmission!AB10="","",UserSampleSubmission!AB10)
B11: =IF(SampleSubmission!A11="","",IF(SampleSubmission!C$6="","",SampleSubmission!C$6)) | C11: =IF(UserSampleSubmission!B11="","",UserSampleSubmission!B11) | D11: =IF(UserSampleSubmission!C11="","",UserSampleSubmission!C11) | F11: =IF(UserSampleSubmission!D11="","",UserSampleSubmission!D11) | G11: =IF(UserSampleSubmission!E11="","",UserSampleSubmission!E11) | H11: =IF(UserSampleSubmission!F11="","",UserSampleSubmission!F11) | I11: =IF(UserSampleSubmission!G11="","",UserSampleSubmission!G11) | J11: =IF(UserSampleSubmission!H11="","",UserSampleSubmission!H11) | K11: =IF(OR(UserSampleSubmission!A11="", UserSampleSubmission!B11="", AND(UserSampleSubmission!B11<>"DNA", UserSampleSubmission!B11<>"RNA")), "", IF(UserSampleSubmission!I11="","TISSUE",UserSampleSubmission!I11)) | L11: =IF(UserSampleSubmission!J11="","",UserSampleSubmission!J11) | M11: =IF(UserSampleSubmission!K11="","",UserSampleSubmission!K11) | N11: =IF(UserSampleSubmission!K11="","",UserSampleSubmission!K11) | O11: =IF(UserSampleSubmission!L11="","",UserSampleSubmission!L11) | P11: =IF(UserSampleSubmission!M11="","",UserSampleSubmission!M11) | Q11: =IF(R11="","",R11) | R11: =IF(UserSampleSubmission!N11="","",UserSampleSubmission!N11) | S11: =IF(UserSampleSubmission!O11="","",UserSampleSubmission!O11) | W11: =IF(UserSampleSubmission!P11="","",UserSampleSubmission!P11) | X11: =IF(UserSampleSubmission!Q11="","",UserSampleSubmission!Q11) | Y11: =IF(UserSampleSubmission!R11="","",UserSampleSubmission!R11) | Z11: =IF(UserSampleSubmission!S11="","",UserSampleSubmission!S11) | AB11: =IF(UserSampleSubmission!T11="","",UserSampleSubmission!T11) | AC11: =IF(UserSampleSubmission!U11="","",UserSampleSubmission!U11) | AD11: =IF(UserSampleSubmission!V11="","",UserSampleSubmission!V11) | AE11: =IF(UserSampleSubmission!W11="","",UserSampleSubmission!W11) | AF11: =IF(UserSampleSubmission!X11="","",UserSampleSubmission!X11) | AG11: =IF(UserSampleSubmission!Y11="","",UserSampleSubmission!Y11) | AH11: =IF(UserSampleSubmission!Z11="","",UserSampleSubmission!Z11) | AI11: =IF(UserSampleSubmission!AA11="","",UserSampleSubmission!AA11) | AJ11: =IF(UserSampleSubmission!AB11="","",UserSampleSubmission!AB11)
B12: =IF(SampleSubmission!A12="","",IF(SampleSubmission!C$6="","",SampleSubmission!C$6)) | C12: =IF(UserSampleSubmission!B12="","",UserSampleSubmission!B12) | D12: =IF(UserSampleSubmission!C12="","",UserSampleSubmission!C12) | F12: =IF(UserSampleSubmission!D12="","",UserSampleSubmission!D12) | G12: =IF(UserSampleSubmission!E12="","",UserSampleSubmission!E12) | H12: =IF(UserSampleSubmission!F12="","",UserSampleSubmission!F12) | I12: =IF(UserSampleSubmission!G12="","",UserSampleSubmission!G12) | J12: =IF(UserSampleSubmission!H12="","",UserSampleSubmission!H12) | K12: =IF(OR(UserSampleSubmission!A12="", UserSampleSubmission!B12="", AND(UserSampleSubmission!B12<>"DNA", UserSampleSubmission!B12<>"RNA")), "", IF(UserSampleSubmission!I12="","TISSUE",UserSampleSubmission!I12)) | L12: =IF(UserSampleSubmission!J12="","",UserSampleSubmission!J12) | M12: =IF(UserSampleSubmission!K12="","",UserSampleSubmission!K12) | N12: =IF(UserSampleSubmission!K12="","",UserSampleSubmission!K12) | O12: =IF(UserSampleSubmission!L12="","",UserSampleSubmission!L12) | P12: =IF(UserSampleSubmission!M12="","",UserSampleSubmission!M12) | Q12: =IF(R12="","",R12) | R12: =IF(UserSampleSubmission!N12="","",UserSampleSubmission!N12) | S12: =IF(UserSampleSubmission!O12="","",UserSampleSubmission!O12) | W12: =IF(UserSampleSubmission!P12="","",UserSampleSubmission!P12) | X12: =IF(UserSampleSubmission!Q12="","",UserSampleSubmission!Q12) | Y12: =IF(UserSampleSubmission!R12="","",UserSampleSubmission!R12) | Z12: =IF(UserSampleSubmission!S12="","",UserSampleSubmission!S12) | AB12: =IF(UserSampleSubmission!T12="","",UserSampleSubmission!T12) | AC12: =IF(UserSampleSubmission!U12="","",UserSampleSubmission!U12) | AD12: =IF(UserSampleSubmission!V12="","",UserSampleSubmission!V12) | AE12: =IF(UserSampleSubmission!W12="","",UserSampleSubmission!W12) | AF12: =IF(UserSampleSubmission!X12="","",UserSampleSubmission!X12) | AG12: =IF(UserSampleSubmission!Y12="","",UserSampleSubmission!Y12) | AH12: =IF(UserSampleSubmission!Z12="","",UserSampleSubmission!Z12) | AI12: =IF(UserSampleSubmission!AA12="","",UserSampleSubmission!AA12) | AJ12: =IF(UserSampleSubmission!AB12="","",UserSampleSubmission!AB12)
B13: =IF(SampleSubmission!A13="","",IF(SampleSubmission!C$6="","",SampleSubmission!C$6)) | C13: =IF(UserSampleSubmission!B13="","",UserSampleSubmission!B13) | D13: =IF(UserSampleSubmission!C13="","",UserSampleSubmission!C13) | F13: =IF(UserSampleSubmission!D13="","",UserSampleSubmission!D13) | G13: =IF(UserSampleSubmission!E13="","",UserSampleSubmission!E13) | H13: =IF(UserSampleSubmission!F13="","",UserSampleSubmission!F13) | I13: =IF(UserSampleSubmission!G13="","",UserSampleSubmission!G13) | J13: =IF(UserSampleSubmission!H13="","",UserSampleSubmission!H13) | K13: =IF(OR(UserSampleSubmission!A13="", UserSampleSubmission!B13="", AND(UserSampleSubmission!B13<>"DNA", UserSampleSubmission!B13<>"RNA")), "", IF(UserSampleSubmission!I13="","TISSUE",UserSampleSubmission!I13)) | L13: =IF(UserSampleSubmission!J13="","",UserSampleSubmission!J13) | M13: =IF(UserSampleSubmission!K13="","",UserSampleSubmission!K13) | N13: =IF(UserSampleSubmission!K13="","",UserSampleSubmission!K13) | O13: =IF(UserSampleSubmission!L13="","",UserSampleSubmission!L13) | P13: =IF(UserSampleSubmission!M13="","",UserSampleSubmission!M13) | Q13: =IF(R13="","",R13) | R13: =IF(UserSampleSubmission!N13="","",UserSampleSubmission!N13) | S13: =IF(UserSampleSubmission!O13="","",UserSampleSubmission!O13) | W13: =IF(UserSampleSubmission!P13="","",UserSampleSubmission!P13) | X13: =IF(UserSampleSubmission!Q13="","",UserSampleSubmission!Q13) | Y13: =IF(UserSampleSubmission!R13="","",UserSampleSubmission!R13) | Z13: =IF(UserSampleSubmission!S13="","",UserSampleSubmission!S13) | AB13: =IF(UserSampleSubmission!T13="","",UserSampleSubmission!T13) | AC13: =IF(UserSampleSubmission!U13="","",UserSampleSubmission!U13) | AD13: =IF(UserSampleSubmission!V13="","",UserSampleSubmission!V13) | AE13: =IF(UserSampleSubmission!W13="","",UserSampleSubmission!W13) | AF13: =IF(UserSampleSubmission!X13="","",UserSampleSubmission!X13) | AG13: =IF(UserSampleSubmission!Y13="","",UserSampleSubmission!Y13) | AH13: =IF(UserSampleSubmission!Z13="","",UserSampleSubmission!Z13) | AI13: =IF(UserSampleSubmission!AA13="","",UserSampleSubmission!AA13) | AJ13: =IF(UserSampleSubmission!AB13="","",UserSampleSubmission!AB13)
A14: =IF(UserSampleSubmission!A14="","",UserSampleSubmission!A14) | B14: =IF(SampleSubmission!A14="","",IF(SampleSubmission!C$6="","",SampleSubmission!C$6)) | C14: =IF(UserSampleSubmission!B14="","",UserSampleSubmission!B14) | D14: =IF(UserSampleSubmission!C14="","",UserSampleSubmission!C14) | F14: =IF(UserSampleSubmission!D14="","",UserSampleSubmission!D14) | G14: =IF(UserSampleSubmission!E14="","",UserSampleSubmission!E14) | H14: =IF(UserSampleSubmission!F14="","",UserSampleSubmission!F14) | I14: =IF(UserSampleSubmission!G14="","",UserSampleSubmission!G14) | J14: =IF(UserSampleSubmission!H14="","",UserSampleSubmission!H14) | K14: =IF(OR(UserSampleSubmission!A14="", UserSampleSubmission!B14="", AND(UserSampleSubmission!B14<>"DNA", UserSampleSubmission!B14<>"RNA")), "", IF(UserSampleSubmission!I14="","TISSUE",UserSampleSubmission!I14)) | L14: =IF(UserSampleSubmission!J14="","",UserSampleSubmission!J14) | M14: =IF(UserSampleSubmission!K14="","",UserSampleSubmission!K14) | N14: =IF(UserSampleSubmission!K14="","",UserSampleSubmission!K14) | O14: =IF(UserSampleSubmission!L14="","",UserSampleSubmission!L14) | P14: =IF(UserSampleSubmission!M14="","",UserSampleSubmission!M14) | Q14: =IF(R14="","",R14) | R14: =IF(UserSampleSubmission!N14="","",UserSampleSubmission!N14) | S14: =IF(UserSampleSubmission!O14="","",UserSampleSubmission!O14) | W14: =IF(UserSampleSubmission!P14="","",UserSampleSubmission!P14) | X14: =IF(UserSampleSubmission!Q14="","",UserSampleSubmission!Q14) | Y14: =IF(UserSampleSubmission!R14="","",UserSampleSubmission!R14) | Z14: =IF(UserSampleSubmission!S14="","",UserSampleSubmission!S14) | AB14: =IF(UserSampleSubmission!T14="","",UserSampleSubmission!T14) | AC14: =IF(UserSampleSubmission!U14="","",UserSampleSubmission!U14) | AD14: =IF(UserSampleSubmission!V14="","",UserSampleSubmission!V14) | AE14: =IF(UserSampleSubmission!W14="","",UserSampleSubmission!W14) | AF14: =IF(UserSampleSubmission!X14="","",UserSampleSubmission!X14) | AG14: =IF(UserSampleSubmission!Y14="","",UserSampleSubmission!Y14) | AH14: =IF(UserSampleSubmission!Z14="","",UserSampleSubmission!Z14) | AI14: =IF(UserSampleSubmission!AA14="","",UserSampleSubmission!AA14) | AJ14: =IF(UserSampleSubmission!AB14="","",UserSampleSubmission!AB14)
A15: =IF(UserSampleSubmission!A15="","",UserSampleSubmission!A15) | B15: =IF(SampleSubmission!A15="","",IF(SampleSubmission!C$6="","",SampleSubmission!C$6)) | C15: =IF(UserSampleSubmission!B15="","",UserSampleSubmission!B15) | D15: =IF(UserSampleSubmission!C15="","",UserSampleSubmission!C15) | F15: =IF(UserSampleSubmission!D15="","",UserSampleSubmission!D15) | G15: =IF(UserSampleSubmission!E15="","",UserSampleSubmission!E15) | H15: =IF(UserSampleSubmission!F15="","",UserSampleSubmission!F15) | I15: =IF(UserSampleSubmission!G15="","",UserSampleSubmission!G15) | J15: =IF(UserSampleSubmission!H15="","",UserSampleSubmission!H15) | K15: =IF(OR(UserSampleSubmission!A15="", UserSampleSubmission!B15="", AND(UserSampleSubmission!B15<>"DNA", UserSampleSubmission!B15<>"RNA")), "", IF(UserSampleSubmission!I15="","TISSUE",UserSampleSubmission!I15)) | L15: =IF(UserSampleSubmission!J15="","",UserSampleSubmission!J15) | M15: =IF(UserSampleSubmission!K15="","",UserSampleSubmission!K15) | N15: =IF(UserSampleSubmission!K15="","",UserSampleSubmission!K15) | O15: =IF(UserSampleSubmission!L15="","",UserSampleSubmission!L15) | P15: =IF(UserSampleSubmission!M15="","",UserSampleSubmission!M15) | Q15: =IF(R15="","",R15) | R15: =IF(UserSampleSubmission!N15="","",UserSampleSubmission!N15) | S15: =IF(UserSampleSubmission!O15="","",UserSampleSubmission!O15) | W15: =IF(UserSampleSubmission!P15="","",UserSampleSubmission!P15) | X15: =IF(UserSampleSubmission!Q15="","",UserSampleSubmission!Q15) | Y15: =IF(UserSampleSubmission!R15="","",UserSampleSubmission!R15) | Z15: =IF(UserSampleSubmission!S15="","",UserSampleSubmission!S15) | AB15: =IF(UserSampleSubmission!T15="","",UserSampleSubmission!T15) | AC15: =IF(UserSampleSubmission!U15="","",UserSampleSubmission!U15) | AD15: =IF(UserSampleSubmission!V15="","",UserSampleSubmission!V15) | AE15: =IF(UserSampleSubmission!W15="","",UserSampleSubmission!W15) | AF15: =IF(UserSampleSubmission!X15="","",UserSampleSubmission!X15) | AG15: =IF(UserSampleSubmission!Y15="","",UserSampleSubmission!Y15) | AH15: =IF(UserSampleSubmission!Z15="","",UserSampleSubmission!Z15) | AI15: =IF(UserSampleSubmission!AA15="","",UserSampleSubmission!AA15) | AJ15: =IF(UserSampleSubmission!AB15="","",UserSampleSubmission!AB15)
A16: =IF(UserSampleSubmission!A16="","",UserSampleSubmission!A16) | B16: =IF(SampleSubmission!A16="","",IF(SampleSubmission!C$6="","",SampleSubmission!C$6)) | C16: =IF(UserSampleSubmission!B16="","",UserSampleSubmission!B16) | D16: =IF(UserSampleSubmission!C16="","",UserSampleSubmission!C16) | F16: =IF(UserSampleSubmission!D16="","",UserSampleSubmission!D16) | G16: =IF(UserSampleSubmission!E16="","",UserSampleSubmission!E16) | H16: =IF(UserSampleSubmission!F16="","",UserSampleSubmission!F16) | I16: =IF(UserSampleSubmission!G16="","",UserSampleSubmission!G16) | J16: =IF(UserSampleSubmission!H16="","",UserSampleSubmission!H16) | K16: =IF(OR(UserSampleSubmission!A16="", UserSampleSubmission!B16="", AND(UserSampleSubmission!B16<>"DNA", UserSampleSubmission!B16<>"RNA")), "", IF(UserSampleSubmission!I16="","TISSUE",UserSampleSubmission!I16)) | L16: =IF(UserSampleSubmission!J16="","",UserSampleSubmission!J16) | M16: =IF(UserSampleSubmission!K16="","",UserSampleSubmission!K16) | N16: =IF(UserSampleSubmission!K16="","",UserSampleSubmission!K16) | O16: =IF(UserSampleSubmission!L16="","",UserSampleSubmission!L16) | P16: =IF(UserSampleSubmission!M16="","",UserSampleSubmission!M16) | Q16: =IF(R16="","",R16) | R16: =IF(UserSampleSubmission!N16="","",UserSampleSubmission!N16) | S16: =IF(UserSampleSubmission!O16="","",UserSampleSubmission!O16) | W16: =IF(UserSampleSubmission!P16="","",UserSampleSubmission!P16) | X16: =IF(UserSampleSubmission!Q16="","",UserSampleSubmission!Q16) | Y16: =IF(UserSampleSubmission!R16="","",UserSampleSubmission!R16) | Z16: =IF(UserSampleSubmission!S16="","",UserSampleSubmission!S16) | AB16: =IF(UserSampleSubmission!T16="","",UserSampleSubmission!T16) | AC16: =IF(UserSampleSubmission!U16="","",UserSampleSubmission!U16) | AD16: =IF(UserSampleSubmission!V16="","",UserSampleSubmission!V16) | AE16: =IF(UserSampleSubmission!W16="","",UserSampleSubmission!W16) | AF16: =IF(UserSampleSubmission!X16="","",UserSampleSubmission!X16) | AG16: =IF(UserSampleSubmission!Y16="","",UserSampleSubmission!Y16) | AH16: =IF(UserSampleSubmission!Z16="","",UserSampleSubmission!Z16) | AI16: =IF(UserSampleSubmission!AA16="","",UserSampleSubmission!AA16) | AJ16: =IF(UserSampleSubmission!AB16="","",UserSampleSubmission!AB16)
A17: =IF(UserSampleSubmission!A17="","",UserSampleSubmission!A17) | B17: =IF(SampleSubmission!A17="","",IF(SampleSubmission!C$6="","",SampleSubmission!C$6)) | C17: =IF(UserSampleSubmission!B17="","",UserSampleSubmission!B17) | D17: =IF(UserSampleSubmission!C17="","",UserSampleSubmission!C17) | F17: =IF(UserSampleSubmission!D17="","",UserSampleSubmission!D17) | G17: =IF(UserSampleSubmission!E17="","",UserSampleSubmission!E17) | H17: =IF(UserSampleSubmission!F17="","",UserSampleSubmission!F17) | I17: =IF(UserSampleSubmission!G17="","",UserSampleSubmission!G17) | J17: =IF(UserSampleSubmission!H17="","",UserSampleSubmission!H17) | K17: =IF(OR(UserSampleSubmission!A17="", UserSampleSubmission!B17="", AND(UserSampleSubmission!B17<>"DNA", UserSampleSubmission!B17<>"RNA")), "", IF(UserSampleSubmission!I17="","TISSUE",UserSampleSubmission!I17)) | L17: =IF(UserSampleSubmission!J17="","",UserSampleSubmission!J17) | M17: =IF(UserSampleSubmission!K17="","",UserSampleSubmission!K17) | N17: =IF(UserSampleSubmission!K17="","",UserSampleSubmission!K17) | O17: =IF(UserSampleSubmission!L17="","",UserSampleSubmission!L17) | P17: =IF(UserSampleSubmission!M17="","",UserSampleSubmission!M17) | Q17: =IF(R17="","",R17) | R17: =IF(UserSampleSubmission!N17="","",UserSampleSubmission!N17) | S17: =IF(UserSampleSubmission!O17="","",UserSampleSubmission!O17) | W17: =IF(UserSampleSubmission!P17="","",UserSampleSubmission!P17) | X17: =IF(UserSampleSubmission!Q17="","",UserSampleSubmission!Q17) | Y17: =IF(UserSampleSubmission!R17="","",UserSampleSubmission!R17) | Z17: =IF(UserSampleSubmission!S17="","",UserSampleSubmission!S17) | AB17: =IF(UserSampleSubmission!T17="","",UserSampleSubmission!T17) | AC17: =IF(UserSampleSubmission!U17="","",UserSampleSubmission!U17) | AD17: =IF(UserSampleSubmission!V17="","",UserSampleSubmission!V17) | AE17: =IF(UserSampleSubmission!W17="","",UserSampleSubmission!W17) | AF17: =IF(UserSampleSubmission!X17="","",UserSampleSubmission!X17) | AG17: =IF(UserSampleSubmission!Y17="","",UserSampleSubmission!Y17) | AH17: =IF(UserSampleSubmission!Z17="","",UserSampleSubmission!Z17) | AI17: =IF(UserSampleSubmission!AA17="","",UserSampleSubmission!AA17) | AJ17: =IF(UserSampleSubmission!AB17="","",UserSampleSubmission!AB17)
A18: =IF(UserSampleSubmission!A18="","",UserSampleSubmission!A18) | B18: =IF(SampleSubmission!A18="","",IF(SampleSubmission!C$6="","",SampleSubmission!C$6)) | C18: =IF(UserSampleSubmission!B18="","",UserSampleSubmission!B18) | D18: =IF(UserSampleSubmission!C18="","",UserSampleSubmission!C18) | F18: =IF(UserSampleSubmission!D18="","",UserSampleSubmission!D18) | G18: =IF(UserSampleSubmission!E18="","",UserSampleSubmission!E18) | H18: =IF(UserSampleSubmission!F18="","",UserSampleSubmission!F18) | I18: =IF(UserSampleSubmission!G18="","",UserSampleSubmission!G18) | J18: =IF(UserSampleSubmission!H18="","",UserSampleSubmission!H18) | K18: =IF(OR(UserSampleSubmission!A18="", UserSampleSubmission!B18="", AND(UserSampleSubmission!B18<>"DNA", UserSampleSubmission!B18<>"RNA")), "", IF(UserSampleSubmission!I18="","TISSUE",UserSampleSubmission!I18)) | L18: =IF(UserSampleSubmission!J18="","",UserSampleSubmission!J18) | M18: =IF(UserSampleSubmission!K18="","",UserSampleSubmission!K18) | N18: =IF(UserSampleSubmission!K18="","",UserSampleSubmission!K18) | O18: =IF(UserSampleSubmission!L18="","",UserSampleSubmission!L18) | P18: =IF(UserSampleSubmission!M18="","",UserSampleSubmission!M18) | Q18: =IF(R18="","",R18) | R18: =IF(UserSampleSubmission!N18="","",UserSampleSubmission!N18) | S18: =IF(UserSampleSubmission!O18="","",UserSampleSubmission!O18) | W18: =IF(UserSampleSubmission!P18="","",UserSampleSubmission!P18) | X18: =IF(UserSampleSubmission!Q18="","",UserSampleSubmission!Q18) | Y18: =IF(UserSampleSubmission!R18="","",UserSampleSubmission!R18) | Z18: =IF(UserSampleSubmission!S18="","",UserSampleSubmission!S18) | AB18: =IF(UserSampleSubmission!T18="","",UserSampleSubmission!T18) | AC18: =IF(UserSampleSubmission!U18="","",UserSampleSubmission!U18) | AD18: =IF(UserSampleSubmission!V18="","",UserSampleSubmission!V18) | AE18: =IF(UserSampleSubmission!W18="","",UserSampleSubmission!W18) | AF18: =IF(UserSampleSubmission!X18="","",UserSampleSubmission!X18) | AG18: =IF(UserSampleSubmission!Y18="","",UserSampleSubmission!Y18) | AH18: =IF(UserSampleSubmission!Z18="","",UserSampleSubmission!Z18) | AI18: =IF(UserSampleSubmission!AA18="","",UserSampleSubmission!AA18) | AJ18: =IF(UserSampleSubmission!AB18="","",UserSampleSubmission!AB18)
A19: =IF(UserSampleSubmission!A19="","",UserSampleSubmission!A19) | B19: =IF(SampleSubmission!A19="","",IF(SampleSubmission!C$6="","",SampleSubmission!C$6)) | C19: =IF(UserSampleSubmission!B19="","",UserSampleSubmission!B19) | D19: =IF(UserSampleSubmission!C19="","",UserSampleSubmission!C19) | F19: =IF(UserSampleSubmission!D19="","",UserSampleSubmission!D19) | G19: =IF(UserSampleSubmission!E19="","",UserSampleSubmission!E19) | H19: =IF(UserSampleSubmission!F19="","",UserSampleSubmission!F19) | I19: =IF(UserSampleSubmission!G19="","",UserSampleSubmission!G19) | J19: =IF(UserSampleSubmission!H19="","",UserSampleSubmission!H19) | K19: =IF(OR(UserSampleSubmission!A19="", UserSampleSubmission!B19="", AND(UserSampleSubmission!B19<>"DNA", UserSampleSubmission!B19<>"RNA")), "", IF(UserSampleSubmission!I19="","TISSUE",UserSampleSubmission!I19)) | L19: =IF(UserSampleSubmission!J19="","",UserSampleSubmission!J19) | M19: =IF(UserSampleSubmission!K19="","",UserSampleSubmission!K19) | N19: =IF(UserSampleSubmission!K19="","",UserSampleSubmission!K19) | O19: =IF(UserSampleSubmission!L19="","",UserSampleSubmission!L19) | P19: =IF(UserSampleSubmission!M19="","",UserSampleSubmission!M19) | Q19: =IF(R19="","",R19) | R19: =IF(UserSampleSubmission!N19="","",UserSampleSubmission!N19) | S19: =IF(UserSampleSubmission!O19="","",UserSampleSubmission!O19) | W19: =IF(UserSampleSubmission!P19="","",UserSampleSubmission!P19) | X19: =IF(UserSampleSubmission!Q19="","",UserSampleSubmission!Q19) | Y19: =IF(UserSampleSubmission!R19="","",UserSampleSubmission!R19) | Z19: =IF(UserSampleSubmission!S19="","",UserSampleSubmission!S19) | AB19: =IF(UserSampleSubmission!T19="","",UserSampleSubmission!T19) | AC19: =IF(UserSampleSubmission!U19="","",UserSampleSubmission!U19) | AD19: =IF(UserSampleSubmission!V19="","",UserSampleSubmission!V19) | AE19: =IF(UserSampleSubmission!W19="","",UserSampleSubmission!W19) | AF19: =IF(UserSampleSubmission!X19="","",UserSampleSubmission!X19) | AG19: =IF(UserSampleSubmission!Y19="","",UserSampleSubmission!Y19) | AH19: =IF(UserSampleSubmission!Z19="","",UserSampleSubmission!Z19) | AI19: =IF(UserSampleSubmission!AA19="","",UserSampleSubmission!AA19) | AJ19: =IF(UserSampleSubmission!AB19="","",UserSampleSubmission!AB19)
A20: =IF(UserSampleSubmission!A20="","",UserSampleSubmission!A20) | B20: =IF(SampleSubmission!A20="","",IF(SampleSubmission!C$6="","",SampleSubmission!C$6)) | C20: =IF(UserSampleSubmission!B20="","",UserSampleSubmission!B20) | D20: =IF(UserSampleSubmission!C20="","",UserSampleSubmission!C20) | F20: =IF(UserSampleSubmission!D20="","",UserSampleSubmission!D20) | G20: =IF(UserSampleSubmission!E20="","",UserSampleSubmission!E20) | H20: =IF(UserSampleSubmission!F20="","",UserSampleSubmission!F20) | I20: =IF(UserSampleSubmission!G20="","",UserSampleSubmission!G20) | J20: =IF(UserSampleSubmission!H20="","",UserSampleSubmission!H20) | K20: =IF(OR(UserSampleSubmission!A20="", UserSampleSubmission!B20="", AND(UserSampleSubmission!B20<>"DNA", UserSampleSubmission!B20<>"RNA")), "", IF(UserSampleSubmission!I20="","TISSUE",UserSampleSubmission!I20)) | L20: =IF(UserSampleSubmission!J20="","",UserSampleSubmission!J20) | M20: =IF(UserSampleSubmission!K20="","",UserSampleSubmission!K20) | N20: =IF(UserSampleSubmission!K20="","",UserSampleSubmission!K20) | O20: =IF(UserSampleSubmission!L20="","",UserSampleSubmission!L20) | P20: =IF(UserSampleSubmission!M20="","",UserSampleSubmission!M20) | Q20: =IF(R20="","",R20) | R20: =IF(UserSampleSubmission!N20="","",UserSampleSubmission!N20) | S20: =IF(UserSampleSubmission!O20="","",UserSampleSubmission!O20) | W20: =IF(UserSampleSubmission!P20="","",UserSampleSubmission!P20) | X20: =IF(UserSampleSubmission!Q20="","",UserSampleSubmission!Q20) | Y20: =IF(UserSampleSubmission!R20="","",UserSampleSubmission!R20) | Z20: =IF(UserSampleSubmission!S20="","",UserSampleSubmission!S20) | AB20: =IF(UserSampleSubmission!T20="","",UserSampleSubmission!T20) | AC20: =IF(UserSampleSubmission!U20="","",UserSampleSubmission!U20) | AD20: =IF(UserSampleSubmission!V20="","",UserSampleSubmission!V20) | AE20: =IF(UserSampleSubmission!W20="","",UserSampleSubmission!W20) | AF20: =IF(UserSampleSubmission!X20="","",UserSampleSubmission!X20) | AG20: =IF(UserSampleSubmission!Y20="","",UserSampleSubmission!Y20) | AH20: =IF(UserSampleSubmission!Z20="","",UserSampleSubmission!Z20) | AI20: =IF(UserSampleSubmission!AA20="","",UserSampleSubmission!AA20) | AJ20: =IF(UserSampleSubmission!AB20="","",UserSampleSubmission!AB20)
A21: =IF(UserSampleSubmission!A21="","",UserSampleSubmission!A21) | B21: =IF(SampleSubmission!A21="","",IF(SampleSubmission!C$6="","",SampleSubmission!C$6)) | C21: =IF(UserSampleSubmission!B21="","",UserSampleSubmission!B21) | D21: =IF(UserSampleSubmission!C21="","",UserSampleSubmission!C21) | F21: =IF(UserSampleSubmission!D21="","",UserSampleSubmission!D21) | G21: =IF(UserSampleSubmission!E21="","",UserSampleSubmission!E21) | H21: =IF(UserSampleSubmission!F21="","",UserSampleSubmission!F21) | I21: =IF(UserSampleSubmission!G21="","",UserSampleSubmission!G21) | J21: =IF(UserSampleSubmission!H21="","",UserSampleSubmission!H21) | K21: =IF(OR(UserSampleSubmission!A21="", UserSampleSubmission!B21="", AND(UserSampleSubmission!B21<>"DNA", UserSampleSubmission!B21<>"RNA")), "", IF(UserSampleSubmission!I21="","TISSUE",UserSampleSubmission!I21)) | L21: =IF(UserSampleSubmission!J21="","",UserSampleSubmission!J21) | M21: =IF(UserSampleSubmission!K21="","",UserSampleSubmission!K21) | N21: =IF(UserSampleSubmission!K21="","",UserSampleSubmission!K21) | O21: =IF(UserSampleSubmission!L21="","",UserSampleSubmission!L21) | P21: =IF(UserSampleSubmission!M21="","",UserSampleSubmission!M21) | Q21: =IF(R21="","",R21) | R21: =IF(UserSampleSubmission!N21="","",UserSampleSubmission!N21) | S21: =IF(UserSampleSubmission!O21="","",UserSampleSubmission!O21) | W21: =IF(UserSampleSubmission!P21="","",UserSampleSubmission!P21) | X21: =IF(UserSampleSubmission!Q21="","",UserSampleSubmission!Q21) | Y21: =IF(UserSampleSubmission!R21="","",UserSampleSubmission!R21) | Z21: =IF(UserSampleSubmission!S21="","",UserSampleSubmission!S21) | AB21: =IF(UserSampleSubmission!T21="","",UserSampleSubmission!T21) | AC21: =IF(UserSampleSubmission!U21="","",UserSampleSubmission!U21) | AD21: =IF(UserSampleSubmission!V21="","",UserSampleSubmission!V21) | AE21: =IF(UserSampleSubmission!W21="","",UserSampleSubmission!W21) | AF21: =IF(UserSampleSubmission!X21="","",UserSampleSubmission!X21) | AG21: =IF(UserSampleSubmission!Y21="","",UserSampleSubmission!Y21) | AH21: =IF(UserSampleSubmission!Z21="","",UserSampleSubmission!Z21) | AI21: =IF(UserSampleSubmission!AA21="","",UserSampleSubmission!AA21) | AJ21: =IF(UserSampleSubmission!AB21="","",UserSampleSubmission!AB21)
A22: =IF(UserSampleSubmission!A22="","",UserSampleSubmission!A22) | B22: =IF(SampleSubmission!A22="","",IF(SampleSubmission!C$6="","",SampleSubmission!C$6)) | C22: =IF(UserSampleSubmission!B22="","",UserSampleSubmission!B22) | D22: =IF(UserSampleSubmission!C22="","",UserSampleSubmission!C22) | F22: =IF(UserSampleSubmission!D22="","",UserSampleSubmission!D22) | G22: =IF(UserSampleSubmission!E22="","",UserSampleSubmission!E22) | H22: =IF(UserSampleSubmission!F22="","",UserSampleSubmission!F22) | I22: =IF(UserSampleSubmission!G22="","",UserSampleSubmission!G22) | J22: =IF(UserSampleSubmission!H22="","",UserSampleSubmission!H22) | K22: =IF(OR(UserSampleSubmission!A22="", UserSampleSubmission!B22="", AND(UserSampleSubmission!B22<>"DNA", UserSampleSubmission!B22<>"RNA")), "", IF(UserSampleSubmission!I22="","TISSUE",UserSampleSubmission!I22)) | L22: =IF(UserSampleSubmission!J22="","",UserSampleSubmission!J22) | M22: =IF(UserSampleSubmission!K22="","",UserSampleSubmission!K22) | N22: =IF(UserSampleSubmission!K22="","",UserSampleSubmission!K22) | O22: =IF(UserSampleSubmission!L22="","",UserSampleSubmission!L22) | P22: =IF(UserSampleSubmission!M22="","",UserSampleSubmission!M22) | Q22: =IF(R22="","",R22) | R22: =IF(UserSampleSubmission!N22="","",UserSampleSubmission!N22) | S22: =IF(UserSampleSubmission!O22="","",UserSampleSubmission!O22) | W22: =IF(UserSampleSubmission!P22="","",UserSampleSubmission!P22) | X22: =IF(UserSampleSubmission!Q22="","",UserSampleSubmission!Q22) | Y22: =IF(UserSampleSubmission!R22="","",UserSampleSubmission!R22) | Z22: =IF(UserSampleSubmission!S22="","",UserSampleSubmission!S22) | AB22: =IF(UserSampleSubmission!T22="","",UserSampleSubmission!T22) | AC22: =IF(UserSampleSubmission!U22="","",UserSampleSubmission!U22) | AD22: =IF(UserSampleSubmission!V22="","",UserSampleSubmission!V22) | AE22: =IF(UserSampleSubmission!W22="","",UserSampleSubmission!W22) | AF22: =IF(UserSampleSubmission!X22="","",UserSampleSubmission!X22) | AG22: =IF(UserSampleSubmission!Y22="","",UserSampleSubmission!Y22) | AH22: =IF(UserSampleSubmission!Z22="","",UserSampleSubmission!Z22) | AI22: =IF(UserSampleSubmission!AA22="","",UserSampleSubmission!AA22) | AJ22: =IF(UserSampleSubmission!AB22="","",UserSampleSubmission!AB22)
A23: =IF(UserSampleSubmission!A23="","",UserSampleSubmission!A23) | B23: =IF(SampleSubmission!A23="","",IF(SampleSubmission!C$6="","",SampleSubmission!C$6)) | C23: =IF(UserSampleSubmission!B23="","",UserSampleSubmission!B23) | D23: =IF(UserSampleSubmission!C23="","",UserSampleSubmission!C23) | F23: =IF(UserSampleSubmission!D23="","",UserSampleSubmission!D23) | G23: =IF(UserSampleSubmission!E23="","",UserSampleSubmission!E23) | H23: =IF(UserSampleSubmission!F23="","",UserSampleSubmission!F23) | I23: =IF(UserSampleSubmission!G23="","",UserSampleSubmission!G23) | J23: =IF(UserSampleSubmission!H23="","",UserSampleSubmission!H23) | K23: =IF(OR(UserSampleSubmission!A23="", UserSampleSubmission!B23="", AND(UserSampleSubmission!B23<>"DNA", UserSampleSubmission!B23<>"RNA")), "", IF(UserSampleSubmission!I23="","TISSUE",UserSampleSubmission!I23)) | L23: =IF(UserSampleSubmission!J23="","",UserSampleSubmission!J23) | M23: =IF(UserSampleSubmission!K23="","",UserSampleSubmission!K23) | N23: =IF(UserSampleSubmission!K23="","",UserSampleSubmission!K23) | O23: =IF(UserSampleSubmission!L23="","",UserSampleSubmission!L23) | P23: =IF(UserSampleSubmission!M23="","",UserSampleSubmission!M23) | Q23: =IF(R23="","",R23) | R23: =IF(UserSampleSubmission!N23="","",UserSampleSubmission!N23) | S23: =IF(UserSampleSubmission!O23="","",UserSampleSubmission!O23) | W23: =IF(UserSampleSubmission!P23="","",UserSampleSubmission!P23) | X23: =IF(UserSampleSubmission!Q23="","",UserSampleSubmission!Q23) | Y23: =IF(UserSampleSubmission!R23="","",UserSampleSubmission!R23) | Z23: =IF(UserSampleSubmission!S23="","",UserSampleSubmission!S23) | AB23: =IF(UserSampleSubmission!T23="","",UserSampleSubmission!T23) | AC23: =IF(UserSampleSubmission!U23="","",UserSampleSubmission!U23) | AD23: =IF(UserSampleSubmission!V23="","",UserSampleSubmission!V23) | AE23: =IF(UserSampleSubmission!W23="","",UserSampleSubmission!W23) | AF23: =IF(UserSampleSubmission!X23="","",UserSampleSubmission!X23) | AG23: =IF(UserSampleSubmission!Y23="","",UserSampleSubmission!Y23) | AH23: =IF(UserSampleSubmission!Z23="","",UserSampleSubmission!Z23) | AI23: =IF(UserSampleSubmission!AA23="","",UserSampleSubmission!AA23) | AJ23: =IF(UserSampleSubmission!AB23="","",UserSampleSubmission!AB23)
A24: =IF(UserSampleSubmission!A24="","",UserSampleSubmission!A24) | B24: =IF(SampleSubmission!A24="","",IF(SampleSubmission!C$6="","",SampleSubmission!C$6)) | C24: =IF(UserSampleSubmission!B24="","",UserSampleSubmission!B24) | D24: =IF(UserSampleSubmission!C24="","",UserSampleSubmission!C24) | F24: =IF(UserSampleSubmission!D24="","",UserSampleSubmission!D24) | G24: =IF(UserSampleSubmission!E24="","",UserSampleSubmission!E24) | H24: =IF(UserSampleSubmission!F24="","",UserSampleSubmission!F24) | I24: =IF(UserSampleSubmission!G24="","",UserSampleSubmission!G24) | J24: =IF(UserSampleSubmission!H24="","",UserSampleSubmission!H24) | K24: =IF(OR(UserSampleSubmission!A24="", UserSampleSubmission!B24="", AND(UserSampleSubmission!B24<>"DNA", UserSampleSubmission!B24<>"RNA")), "", IF(UserSampleSubmission!I24="","TISSUE",UserSampleSubmission!I24)) | L24: =IF(UserSampleSubmission!J24="","",UserSampleSubmission!J24) | M24: =IF(UserSampleSubmission!K24="","",UserSampleSubmission!K24) | N24: =IF(UserSampleSubmission!K24="","",UserSampleSubmission!K24) | O24: =IF(UserSampleSubmission!L24="","",UserSampleSubmission!L24) | P24: =IF(UserSampleSubmission!M24="","",UserSampleSubmission!M24) | Q24: =IF(R24="","",R24) | R24: =IF(UserSampleSubmission!N24="","",UserSampleSubmission!N24) | S24: =IF(UserSampleSubmission!O24="","",UserSampleSubmission!O24) | W24: =IF(UserSampleSubmission!P24="","",UserSampleSubmission!P24) | X24: =IF(UserSampleSubmission!Q24="","",UserSampleSubmission!Q24) | Y24: =IF(UserSampleSubmission!R24="","",UserSampleSubmission!R24) | Z24: =IF(UserSampleSubmission!S24="","",UserSampleSubmission!S24) | AB24: =IF(UserSampleSubmission!T24="","",UserSampleSubmission!T24) | AC24: =IF(UserSampleSubmission!U24="","",UserSampleSubmission!U24) | AD24: =IF(UserSampleSubmission!V24="","",UserSampleSubmission!V24) | AE24: =IF(UserSampleSubmission!W24="","",UserSampleSubmission!W24) | AF24: =IF(UserSampleSubmission!X24="","",UserSampleSubmission!X24) | AG24: =IF(UserSampleSubmission!Y24="","",UserSampleSubmission!Y24) | AH24: =IF(UserSampleSubmission!Z24="","",UserSampleSubmission!Z24) | AI24: =IF(UserSampleSubmission!AA24="","",UserSampleSubmission!AA24) | AJ24: =IF(UserSampleSubmission!AB24="","",UserSampleSubmission!AB24)
A25: =IF(UserSampleSubmission!A25="","",UserSampleSubmission!A25) | B25: =IF(SampleSubmission!A25="","",IF(SampleSubmission!C$6="","",SampleSubmission!C$6)) | C25: =IF(UserSampleSubmission!B25="","",UserSampleSubmission!B25) | D25: =IF(UserSampleSubmission!C25="","",UserSampleSubmission!C25) | F25: =IF(UserSampleSubmission!D25="","",UserSampleSubmission!D25) | G25: =IF(UserSampleSubmission!E25="","",UserSampleSubmission!E25) | H25: =IF(UserSampleSubmission!F25="","",UserSampleSubmission!F25) | I25: =IF(UserSampleSubmission!G25="","",UserSampleSubmission!G25) | J25: =IF(UserSampleSubmission!H25="","",UserSampleSubmission!H25) | K25: =IF(OR(UserSampleSubmission!A25="", UserSampleSubmission!B25="", AND(UserSampleSubmission!B25<>"DNA", UserSampleSubmission!B25<>"RNA")), "", IF(UserSampleSubmission!I25="","TISSUE",UserSampleSubmission!I25)) | L25: =IF(UserSampleSubmission!J25="","",UserSampleSubmission!J25) | M25: =IF(UserSampleSubmission!K25="","",UserSampleSubmission!K25) | N25: =IF(UserSampleSubmission!K25="","",UserSampleSubmission!K25) | O25: =IF(UserSampleSubmission!L25="","",UserSampleSubmission!L25) | P25: =IF(UserSampleSubmission!M25="","",UserSampleSubmission!M25) | Q25: =IF(R25="","",R25) | R25: =IF(UserSampleSubmission!N25="","",UserSampleSubmission!N25) | S25: =IF(UserSampleSubmission!O25="","",UserSampleSubmission!O25) | W25: =IF(UserSampleSubmission!P25="","",UserSampleSubmission!P25) | X25: =IF(UserSampleSubmission!Q25="","",UserSampleSubmission!Q25) | Y25: =IF(UserSampleSubmission!R25="","",UserSampleSubmission!R25) | Z25: =IF(UserSampleSubmission!S25="","",UserSampleSubmission!S25) | AB25: =IF(UserSampleSubmission!T25="","",UserSampleSubmission!T25) | AC25: =IF(UserSampleSubmission!U25="","",UserSampleSubmission!U25) | AD25: =IF(UserSampleSubmission!V25="","",UserSampleSubmission!V25) | AE25: =IF(UserSampleSubmission!W25="","",UserSampleSubmission!W25) | AF25: =IF(UserSampleSubmission!X25="","",UserSampleSubmission!X25) | AG25: =IF(UserSampleSubmission!Y25="","",UserSampleSubmission!Y25) | AH25: =IF(UserSampleSubmission!Z25="","",UserSampleSubmission!Z25) | AI25: =IF(UserSampleSubmission!AA25="","",UserSampleSubmission!AA25) | AJ25: =IF(UserSampleSubmission!AB25="","",UserSampleSubmission!AB25)
... A30: =IF(UserSampleSubmission!A30="","",UserSampleSubmission!A30) | B30: =IF(SampleSubmission!A30="","",IF(SampleSubmission!C$6="","",SampleSubmission!C$6)) | C30: =IF(UserSampleSubmission!B30="","",UserSampleSubmission!B30) | D30: =IF(UserSampleSubmission!C30="","",UserSampleSubmission!C30) | F30: =IF(UserSampleSubmission!D30="","",UserSampleSubmission!D30) | G30: =IF(UserSampleSubmission!E30="","",UserSampleSubmission!E30) | H30: =IF(UserSampleSubmission!F30="","",UserSampleSubmission!F30) | I30: =IF(UserSampleSubmission!G30="","",UserSampleSubmission!G30) | J30: =IF(UserSampleSubmission!H30="","",UserSampleSubmission!H30) | K30: =IF(OR(UserSampleSubmission!A30="", UserSampleSubmission!B30="", AND(UserSampleSubmission!B30<>"DNA", UserSampleSubmission!B30<>"RNA")), "", IF(UserSampleSubmission!I30="","TISSUE",UserSampleSubmission!I30)) | L30: =IF(UserSampleSubmission!J30="","",UserSampleSubmission!J30) | M30: =IF(UserSampleSubmission!K30="","",UserSampleSubmission!K30) | N30: =IF(UserSampleSubmission!K30="","",UserSampleSubmission!K30) | O30: =IF(UserSampleSubmission!L30="","",UserSampleSubmission!L30) | P30: =IF(UserSampleSubmission!M30="","",UserSampleSubmission!M30) | Q30: =IF(R30="","",R30) | R30: =IF(UserSampleSubmission!N30="","",UserSampleSubmission!N30) | S30: =IF(UserSampleSubmission!O30="","",UserSampleSubmission!O30) | W30: =IF(UserSampleSubmission!P30="","",UserSampleSubmission!P30) | X30: =IF(UserSampleSubmission!Q30="","",UserSampleSubmission!Q30) | Y30: =IF(UserSampleSubmission!R30="","",UserSampleSubmission!R30) | Z30: =IF(UserSampleSubmission!S30="","",UserSampleSubmission!S30) | AB30: =IF(UserSampleSubmission!T30="","",UserSampleSubmission!T30) | AC30: =IF(UserSampleSubmission!U30="","",UserSampleSubmission!U30) | AD30: =IF(UserSampleSubmission!V30="","",UserSampleSubmission!V30) | AE30: =IF(UserSampleSubmission!W30="","",UserSampleSubmission!W30) | AF30: =IF(UserSampleSubmission!X30="","",UserSampleSubmission!X30) | AG30: =IF(UserSampleSubmission!Y30="","",UserSampleSubmission!Y30) | AH30: =IF(UserSampleSubmission!Z30="","",UserSampleSubmission!Z30) | AI30: =IF(UserSampleSubmission!AA30="","",UserSampleSubmission!AA30) | AJ30: =IF(UserSampleSubmission!AB30="","",UserSampleSubmission!AB30)
A31: =IF(UserSampleSubmission!A31="","",UserSampleSubmission!A31) | B31: =IF(SampleSubmission!A31="","",IF(SampleSubmission!C$6="","",SampleSubmission!C$6)) | C31: =IF(UserSampleSubmission!B31="","",UserSampleSubmission!B31) | D31: =IF(UserSampleSubmission!C31="","",UserSampleSubmission!C31) | F31: =IF(UserSampleSubmission!D31="","",UserSampleSubmission!D31) | G31: =IF(UserSampleSubmission!E31="","",UserSampleSubmission!E31) | H31: =IF(UserSampleSubmission!F31="","",UserSampleSubmission!F31) | I31: =IF(UserSampleSubmission!G31="","",UserSampleSubmission!G31) | J31: =IF(UserSampleSubmission!H31="","",UserSampleSubmission!H31) | K31: =IF(OR(UserSampleSubmission!A31="", UserSampleSubmission!B31="", AND(UserSampleSubmission!B31<>"DNA", UserSampleSubmission!B31<>"RNA")), "", IF(UserSampleSubmission!I31="","TISSUE",UserSampleSubmission!I31)) | L31: =IF(UserSampleSubmission!J31="","",UserSampleSubmission!J31) | M31: =IF(UserSampleSubmission!K31="","",UserSampleSubmission!K31) | N31: =IF(UserSampleSubmission!K31="","",UserSampleSubmission!K31) | O31: =IF(UserSampleSubmission!L31="","",UserSampleSubmission!L31) | Q31: =IF(R31="","",R31) | R31: =IF(UserSampleSubmission!N31="","",UserSampleSubmission!N31) | S31: =IF(UserSampleSubmission!O31="","",UserSampleSubmission!O31) | W31: =IF(UserSampleSubmission!P31="","",UserSampleSubmission!P31) | X31: =IF(UserSampleSubmission!Q31="","",UserSampleSubmission!Q31) | Y31: =IF(UserSampleSubmission!R31="","",UserSampleSubmission!R31) | Z31: =IF(UserSampleSubmission!S31="","",UserSampleSubmission!S31) | AB31: =IF(UserSampleSubmission!T31="","",UserSampleSubmission!T31) | AC31: =IF(UserSampleSubmission!U31="","",UserSampleSubmission!U31) | AD31: =IF(UserSampleSubmission!V31="","",UserSampleSubmission!V31) | AE31: =IF(UserSampleSubmission!W31="","",UserSampleSubmission!W31) | AF31: =IF(UserSampleSubmission!X31="","",UserSampleSubmission!X31) | AG31: =IF(UserSampleSubmission!Y31="","",UserSampleSubmission!Y31) | AH31: =IF(UserSampleSubmission!Z31="","",UserSampleSubmission!Z31) | AI31: =IF(UserSampleSubmission!AA31="","",UserSampleSubmission!AA31) | AJ31: =IF(UserSampleSubmission!AB31="","",UserSampleSubmission!AB31)
A32: =IF(UserSampleSubmission!A32="","",UserSampleSubmission!A32) | B32: =IF(SampleSubmission!A32="","",IF(SampleSubmission!C$6="","",SampleSubmission!C$6)) | C32: =IF(UserSampleSubmission!B32="","",UserSampleSubmission!B32) | D32: =IF(UserSampleSubmission!C32="","",UserSampleSubmission!C32) | F32: =IF(UserSampleSubmission!D32="","",UserSampleSubmission!D32) | G32: =IF(UserSampleSubmission!E32="","",UserSampleSubmission!E32) | H32: =IF(UserSampleSubmission!F32="","",UserSampleSubmission!F32) | I32: =IF(UserSampleSubmission!G32="","",UserSampleSubmission!G32) | J32: =IF(UserSampleSubmission!H32="","",UserSampleSubmission!H32) | K32: =IF(OR(UserSampleSubmission!A32="", UserSampleSubmission!B32="", AND(UserSampleSubmission!B32<>"DNA", UserSampleSubmission!B32<>"RNA")), "", IF(UserSampleSubmission!I32="","TISSUE",UserSampleSubmission!I32)) | L32: =IF(UserSampleSubmission!J32="","",UserSampleSubmission!J32) | M32: =IF(UserSampleSubmission!K32="","",UserSampleSubmission!K32) | N32: =IF(UserSampleSubmission!K32="","",UserSampleSubmission!K32) | O32: =IF(UserSampleSubmission!L32="","",UserSampleSubmission!L32) | P32: =IF(UserSampleSubmission!M32="","",UserSampleSubmission!M32) | Q32: =IF(R32="","",R32) | R32: =IF(UserSampleSubmission!N32="","",UserSampleSubmission!N32) | S32: =IF(UserSampleSubmission!O32="","",UserSampleSubmission!O32) | W32: =IF(UserSampleSubmission!P32="","",UserSampleSubmission!P32) | X32: =IF(UserSampleSubmission!Q32="","",UserSampleSubmission!Q32) | Y32: =IF(UserSampleSubmission!R32="","",UserSampleSubmission!R32) | Z32: =IF(UserSampleSubmission!S32="","",UserSampleSubmission!S32) | AB32: =IF(UserSampleSubmission!T32="","",UserSampleSubmission!T32) | AC32: =IF(UserSampleSubmission!U32="","",UserSampleSubmission!U32) | AD32: =IF(UserSampleSubmission!V32="","",UserSampleSubmission!V32) | AE32: =IF(UserSampleSubmission!W32="","",UserSampleSubmission!W32) | AF32: =IF(UserSampleSubmission!X32="","",UserSampleSubmission!X32) | AG32: =IF(UserSampleSubmission!Y32="","",UserSampleSubmission!Y32) | AH32: =IF(UserSampleSubmission!Z32="","",UserSampleSubmission!Z32) | AI32: =IF(UserSampleSubmission!AA32="","",UserSampleSubmission!AA32) | AJ32: =IF(UserSampleSubmission!AB32="","",UserSampleSubmission!AB32)
A33: =IF(UserSampleSubmission!A33="","",UserSampleSubmission!A33) | B33: =IF(SampleSubmission!A33="","",IF(SampleSubmission!C$6="","",SampleSubmission!C$6)) | C33: =IF(UserSampleSubmission!B33="","",UserSampleSubmission!B33) | D33: =IF(UserSampleSubmission!C33="","",UserSampleSubmission!C33) | F33: =IF(UserSampleSubmission!D33="","",UserSampleSubmission!D33) | G33: =IF(UserSampleSubmission!E33="","",UserSampleSubmission!E33) | H33: =IF(UserSampleSubmission!F33="","",UserSampleSubmission!F33) | I33: =IF(UserSampleSubmission!G33="","",UserSampleSubmission!G33) | J33: =IF(UserSampleSubmission!H33="","",UserSampleSubmission!H33) | K33: =IF(OR(UserSampleSubmission!A33="", UserSampleSubmission!B33="", AND(UserSampleSubmission!B33<>"DNA", UserSampleSubmission!B33<>"RNA")), "", IF(UserSampleSubmission!I33="","TISSUE",UserSampleSubmission!I33)) | L33: =IF(UserSampleSubmission!J33="","",UserSampleSubmission!J33) | M33: =IF(UserSampleSubmission!K33="","",UserSampleSubmission!K33) | N33: =IF(UserSampleSubmission!K33="","",UserSampleSubmission!K33) | O33: =IF(UserSampleSubmission!L33="","",UserSampleSubmission!L33) | P33: =IF(UserSampleSubmission!M33="","",UserSampleSubmission!M33) | Q33: =IF(R33="","",R33) | R33: =IF(UserSampleSubmission!N33="","",UserSampleSubmission!N33) | S33: =IF(UserSampleSubmission!O33="","",UserSampleSubmission!O33) | W33: =IF(UserSampleSubmission!P33="","",UserSampleSubmission!P33) | X33: =IF(UserSampleSubmission!Q33="","",UserSampleSubmission!Q33) | Y33: =IF(UserSampleSubmission!R33="","",UserSampleSubmission!R33) | Z33: =IF(UserSampleSubmission!S33="","",UserSampleSubmission!S33) | AB33: =IF(UserSampleSubmission!T33="","",UserSampleSubmission!T33) | AC33: =IF(UserSampleSubmission!U33="","",UserSampleSubmission!U33) | AD33: =IF(UserSampleSubmission!V33="","",UserSampleSubmission!V33) | AE33: =IF(UserSampleSubmission!W33="","",UserSampleSubmission!W33) | AF33: =IF(UserSampleSubmission!X33="","",UserSampleSubmission!X33) | AG33: =IF(UserSampleSubmission!Y33="","",UserSampleSubmission!Y33) | AH33: =IF(UserSampleSubmission!Z33="","",UserSampleSubmission!Z33) | AI33: =IF(UserSampleSubmission!AA33="","",UserSampleSubmission!AA33) | AJ33: =IF(UserSampleSubmission!AB33="","",UserSampleSubmission!AB33)
A34: =IF(UserSampleSubmission!A34="","",UserSampleSubmission!A34) | B34: =IF(SampleSubmission!A34="","",IF(SampleSubmission!C$6="","",SampleSubmission!C$6)) | C34: =IF(UserSampleSubmission!B34="","",UserSampleSubmission!B34) | D34: =IF(UserSampleSubmission!C34="","",UserSampleSubmission!C34) | F34: =IF(UserSampleSubmission!D34="","",UserSampleSubmission!D34) | G34: =IF(UserSampleSubmission!E34="","",UserSampleSubmission!E34) | H34: =IF(UserSampleSubmission!F34="","",UserSampleSubmission!F34) | I34: =IF(UserSampleSubmission!G34="","",UserSampleSubmission!G34) | J34: =IF(UserSampleSubmission!H34="","",UserSampleSubmission!H34) | K34: =IF(OR(UserSampleSubmission!A34="", UserSampleSubmission!B34="", AND(UserSampleSubmission!B34<>"DNA", UserSampleSubmission!B34<>"RNA")), "", IF(UserSampleSubmission!I34="","TISSUE",UserSampleSubmission!I34)) | L34: =IF(UserSampleSubmission!J34="","",UserSampleSubmission!J34) | M34: =IF(UserSampleSubmission!K34="","",UserSampleSubmission!K34) | N34: =IF(UserSampleSubmission!K34="","",UserSampleSubmission!K34) | O34: =IF(UserSampleSubmission!L34="","",UserSampleSubmission!L34) | P34: =IF(UserSampleSubmission!M34="","",UserSampleSubmission!M34) | Q34: =IF(R34="","",R34) | R34: =IF(UserSampleSubmission!N34="","",UserSampleSubmission!N34) | S34: =IF(UserSampleSubmission!O34="","",UserSampleSubmission!O34) | W34: =IF(UserSampleSubmission!P34="","",UserSampleSubmission!P34) | X34: =IF(UserSampleSubmission!Q34="","",UserSampleSubmission!Q34) | Y34: =IF(UserSampleSubmission!R34="","",UserSampleSubmission!R34) | Z34: =IF(UserSampleSubmission!S34="","",UserSampleSubmission!S34) | AB34: =IF(UserSampleSubmission!T34="","",UserSampleSubmission!T34) | AC34: =IF(UserSampleSubmission!U34="","",UserSampleSubmission!U34) | AD34: =IF(UserSampleSubmission!V34="","",UserSampleSubmission!V34) | AE34: =IF(UserSampleSubmission!W34="","",UserSampleSubmission!W34) | AF34: =IF(UserSampleSubmission!X34="","",UserSampleSubmission!X34) | AG34: =IF(UserSampleSubmission!Y34="","",UserSampleSubmission!Y34) | AH34: =IF(UserSampleSubmission!Z34="","",UserSampleSubmission!Z34) | AI34: =IF(UserSampleSubmission!AA34="","",UserSampleSubmission!AA34) | AJ34: =IF(UserSampleSubmission!AB34="","",UserSampleSubmission!AB34)
A35: =IF(UserSampleSubmission!A35="","",UserSampleSubmission!A35) | B35: =IF(SampleSubmission!A35="","",IF(SampleSubmission!C$6="","",SampleSubmission!C$6)) | C35: =IF(UserSampleSubmission!B35="","",UserSampleSubmission!B35) | D35: =IF(UserSampleSubmission!C35="","",UserSampleSubmission!C35) | F35: =IF(UserSampleSubmission!D35="","",UserSampleSubmission!D35) | G35: =IF(UserSampleSubmission!E35="","",UserSampleSubmission!E35) | H35: =IF(UserSampleSubmission!F35="","",UserSampleSubmission!F35) | I35: =IF(UserSampleSubmission!G35="","",UserSampleSubmission!G35) | J35: =IF(UserSampleSubmission!H35="","",UserSampleSubmission!H35) | K35: =IF(OR(UserSampleSubmission!A35="", UserSampleSubmission!B35="", AND(UserSampleSubmission!B35<>"DNA", UserSampleSubmission!B35<>"RNA")), "", IF(UserSampleSubmission!I35="","TISSUE",UserSampleSubmission!I35)) | L35: =IF(UserSampleSubmission!J35="","",UserSampleSubmission!J35) | M35: =IF(UserSampleSubmission!K35="","",UserSampleSubmission!K35) | N35: =IF(UserSampleSubmission!K35="","",UserSampleSubmission!K35) | O35: =IF(UserSampleSubmission!L35="","",UserSampleSubmission!L35) | P35: =IF(UserSampleSubmission!M35="","",UserSampleSubmission!M35) | Q35: =IF(R35="","",R35) | R35: =IF(UserSampleSubmission!N35="","",UserSampleSubmission!N35) | S35: =IF(UserSampleSubmission!O35="","",UserSampleSubmission!O35) | W35: =IF(UserSampleSubmission!P35="","",UserSampleSubmission!P35) | X35: =IF(UserSampleSubmission!Q35="","",UserSampleSubmission!Q35) | Y35: =IF(UserSampleSubmission!R35="","",UserSampleSubmission!R35) | Z35: =IF(UserSampleSubmission!S35="","",UserSampleSubmission!S35) | AB35: =IF(UserSampleSubmission!T35="","",UserSampleSubmission!T35) | AC35: =IF(UserSampleSubmission!U35="","",UserSampleSubmission!U35) | AD35: =IF(UserSampleSubmission!V35="","",UserSampleSubmission!V35) | AE35: =IF(UserSampleSubmission!W35="","",UserSampleSubmission!W35) | AF35: =IF(UserSampleSubmission!X35="","",UserSampleSubmission!X35) | AG35: =IF(UserSampleSubmission!Y35="","",UserSampleSubmission!Y35) | AH35: =IF(UserSampleSubmission!Z35="","",UserSampleSubmission!Z35) | AI35: =IF(UserSampleSubmission!AA35="","",UserSampleSubmission!AA35) | AJ35: =IF(UserSampleSubmission!AB35="","",UserSampleSubmission!AB35)
A36: =IF(UserSampleSubmission!A36="","",UserSampleSubmission!A36) | B36: =IF(SampleSubmission!A36="","",IF(SampleSubmission!C$6="","",SampleSubmission!C$6)) | C36: =IF(UserSampleSubmission!B36="","",UserSampleSubmission!B36) | D36: =IF(UserSampleSubmission!C36="","",UserSampleSubmission!C36) | F36: =IF(UserSampleSubmission!D36="","",UserSampleSubmission!D36) | G36: =IF(UserSampleSubmission!E36="","",UserSampleSubmission!E36) | H36: =IF(UserSampleSubmission!F36="","",UserSampleSubmission!F36) | I36: =IF(UserSampleSubmission!G36="","",UserSampleSubmission!G36) | J36: =IF(UserSampleSubmission!H36="","",UserSampleSubmission!H36) | K36: =IF(OR(UserSampleSubmission!A36="", UserSampleSubmission!B36="", AND(UserSampleSubmission!B36<>"DNA", UserSampleSubmission!B36<>"RNA")), "", IF(UserSampleSubmission!I36="","TISSUE",UserSampleSubmission!I36)) | L36: =IF(UserSampleSubmission!J36="","",UserSampleSubmission!J36) | M36: =IF(UserSampleSubmission!K36="","",UserSampleSubmission!K36) | N36: =IF(UserSampleSubmission!K36="","",UserSampleSubmission!K36) | O36: =IF(UserSampleSubmission!L36="","",UserSampleSubmission!L36) | P36: =IF(UserSampleSubmission!M36="","",UserSampleSubmission!M36) | Q36: =IF(R36="","",R36) | R36: =IF(UserSampleSubmission!N36="","",UserSampleSubmission!N36) | S36: =IF(UserSampleSubmission!O36="","",UserSampleSubmission!O36) | W36: =IF(UserSampleSubmission!P36="","",UserSampleSubmission!P36) | X36: =IF(UserSampleSubmission!Q36="","",UserSampleSubmission!Q36) | Y36: =IF(UserSampleSubmission!R36="","",UserSampleSubmission!R36) | Z36: =IF(UserSampleSubmission!S36="","",UserSampleSubmission!S36) | AB36: =IF(UserSampleSubmission!T36="","",UserSampleSubmission!T36) | AC36: =IF(UserSampleSubmission!U36="","",UserSampleSubmission!U36) | AD36: =IF(UserSampleSubmission!V36="","",UserSampleSubmission!V36) | AE36: =IF(UserSampleSubmission!W36="","",UserSampleSubmission!W36) | AF36: =IF(UserSampleSubmission!X36="","",UserSampleSubmission!X36) | AG36: =IF(UserSampleSubmission!Y36="","",UserSampleSubmission!Y36) | AH36: =IF(UserSampleSubmission!Z36="","",UserSampleSubmission!Z36) | AI36: =IF(UserSampleSubmission!AA36="","",UserSampleSubmission!AA36) | AJ36: =IF(UserSampleSubmission!AB36="","",UserSampleSubmission!AB36)
A37: =IF(UserSampleSubmission!A37="","",UserSampleSubmission!A37) | B37: =IF(SampleSubmission!A37="","",IF(SampleSubmission!C$6="","",SampleSubmission!C$6)) | C37: =IF(UserSampleSubmission!B37="","",UserSampleSubmission!B37) | D37: =IF(UserSampleSubmission!C37="","",UserSampleSubmission!C37) | F37: =IF(UserSampleSubmission!D37="","",UserSampleSubmission!D37) | G37: =IF(UserSampleSubmission!E37="","",UserSampleSubmission!E37) | H37: =IF(UserSampleSubmission!F37="","",UserSampleSubmission!F37) | I37: =IF(UserSampleSubmission!G37="","",UserSampleSubmission!G37) | J37: =IF(UserSampleSubmission!H37="","",UserSampleSubmission!H37) | K37: =IF(OR(UserSampleSubmission!A37="", UserSampleSubmission!B37="", AND(UserSampleSubmission!B37<>"DNA", UserSampleSubmission!B37<>"RNA")), "", IF(UserSampleSubmission!I37="","TISSUE",UserSampleSubmission!I37)) | L37: =IF(UserSampleSubmission!J37="","",UserSampleSubmission!J37) | M37: =IF(UserSampleSubmission!K37="","",UserSampleSubmission!K37) | N37: =IF(UserSampleSubmission!K37="","",UserSampleSubmission!K37) | O37: =IF(UserSampleSubmission!L37="","",UserSampleSubmission!L37) | P37: =IF(UserSampleSubmission!M37="","",UserSampleSubmission!M37) | Q37: =IF(R37="","",R37) | R37: =IF(UserSampleSubmission!N37="","",UserSampleSubmission!N37) | S37: =IF(UserSampleSubmission!O37="","",UserSampleSubmission!O37) | W37: =IF(UserSampleSubmission!P37="","",UserSampleSubmission!P37) | X37: =IF(UserSampleSubmission!Q37="","",UserSampleSubmission!Q37) | Y37: =IF(UserSampleSubmission!R37="","",UserSampleSubmission!R37) | Z37: =IF(UserSampleSubmission!S37="","",UserSampleSubmission!S37) | AB37: =IF(UserSampleSubmission!T37="","",UserSampleSubmission!T37) | AC37: =IF(UserSampleSubmission!U37="","",UserSampleSubmission!U37) | AD37: =IF(UserSampleSubmission!V37="","",UserSampleSubmission!V37) | AE37: =IF(UserSampleSubmission!W37="","",UserSampleSubmission!W37) | AF37: =IF(UserSampleSubmission!X37="","",UserSampleSubmission!X37) | AG37: =IF(UserSampleSubmission!Y37="","",UserSampleSubmission!Y37) | AH37: =IF(UserSampleSubmission!Z37="","",UserSampleSubmission!Z37) | AI37: =IF(UserSampleSubmission!AA37="","",UserSampleSubmission!AA37) | AJ37: =IF(UserSampleSubmission!AB37="","",UserSampleSubmission!AB37)
A38: =IF(UserSampleSubmission!A38="","",UserSampleSubmission!A38) | B38: =IF(SampleSubmission!A38="","",IF(SampleSubmission!C$6="","",SampleSubmission!C$6)) | C38: =IF(UserSampleSubmission!B38="","",UserSampleSubmission!B38) | D38: =IF(UserSampleSubmission!C38="","",UserSampleSubmission!C38) | F38: =IF(UserSampleSubmission!D38="","",UserSampleSubmission!D38) | G38: =IF(UserSampleSubmission!E38="","",UserSampleSubmission!E38) | H38: =IF(UserSampleSubmission!F38="","",UserSampleSubmission!F38) | I38: =IF(UserSampleSubmission!G38="","",UserSampleSubmission!G38) | J38: =IF(UserSampleSubmission!H38="","",UserSampleSubmission!H38) | K38: =IF(OR(UserSampleSubmission!A38="", UserSampleSubmission!B38="", AND(UserSampleSubmission!B38<>"DNA", UserSampleSubmission!B38<>"RNA")), "", IF(UserSampleSubmission!I38="","TISSUE",UserSampleSubmission!I38)) | L38: =IF(UserSampleSubmission!J38="","",UserSampleSubmission!J38) | M38: =IF(UserSampleSubmission!K38="","",UserSampleSubmission!K38) | N38: =IF(UserSampleSubmission!K38="","",UserSampleSubmission!K38) | O38: =IF(UserSampleSubmission!L38="","",UserSampleSubmission!L38) | P38: =IF(UserSampleSubmission!M38="","",UserSampleSubmission!M38) | Q38: =IF(R38="","",R38) | R38: =IF(UserSampleSubmission!N38="","",UserSampleSubmission!N38) | S38: =IF(UserSampleSubmission!O38="","",UserSampleSubmission!O38) | W38: =IF(UserSampleSubmission!P38="","",UserSampleSubmission!P38) | X38: =IF(UserSampleSubmission!Q38="","",UserSampleSubmission!Q38) | Y38: =IF(UserSampleSubmission!R38="","",UserSampleSubmission!R38) | Z38: =IF(UserSampleSubmission!S38="","",UserSampleSubmission!S38) | AB38: =IF(UserSampleSubmission!T38="","",UserSampleSubmission!T38) | AC38: =IF(UserSampleSubmission!U38="","",UserSampleSubmission!U38) | AD38: =IF(UserSampleSubmission!V38="","",UserSampleSubmission!V38) | AE38: =IF(UserSampleSubmission!W38="","",UserSampleSubmission!W38) | AF38: =IF(UserSampleSubmission!X38="","",UserSampleSubmission!X38) | AG38: =IF(UserSampleSubmission!Y38="","",UserSampleSubmission!Y38) | AH38: =IF(UserSampleSubmission!Z38="","",UserSampleSubmission!Z38) | AI38: =IF(UserSampleSubmission!AA38="","",UserSampleSubmission!AA38) | AJ38: =IF(UserSampleSubmission!AB38="","",UserSampleSubmission!AB38)
A39: =IF(UserSampleSubmission!A39="","",UserSampleSubmission!A39) | B39: =IF(SampleSubmission!A39="","",IF(SampleSubmission!C$6="","",SampleSubmission!C$6)) | C39: =IF(UserSampleSubmission!B39="","",UserSampleSubmission!B39) | D39: =IF(UserSampleSubmission!C39="","",UserSampleSubmission!C39) | F39: =IF(UserSampleSubmission!D39="","",UserSampleSubmission!D39) | G39: =IF(UserSampleSubmission!E39="","",UserSampleSubmission!E39) | H39: =IF(UserSampleSubmission!F39="","",UserSampleSubmission!F39) | I39: =IF(UserSampleSubmission!G39="","",UserSampleSubmission!G39) | J39: =IF(UserSampleSubmission!H39="","",UserSampleSubmission!H39) | K39: =IF(OR(UserSampleSubmission!A39="", UserSampleSubmission!B39="", AND(UserSampleSubmission!B39<>"DNA", UserSampleSubmission!B39<>"RNA")), "", IF(UserSampleSubmission!I39="","TISSUE",UserSampleSubmission!I39)) | L39: =IF(UserSampleSubmission!J39="","",UserSampleSubmission!J39) | M39: =IF(UserSampleSubmission!K39="","",UserSampleSubmission!K39) | N39: =IF(UserSampleSubmission!K39="","",UserSampleSubmission!K39) | O39: =IF(UserSampleSubmission!L39="","",UserSampleSubmission!L39) | P39: =IF(UserSampleSubmission!M39="","",UserSampleSubmission!M39) | Q39: =IF(R39="","",R39) | R39: =IF(UserSampleSubmission!N39="","",UserSampleSubmission!N39) | S39: =IF(UserSampleSubmission!O39="","",UserSampleSubmission!O39) | W39: =IF(UserSampleSubmission!P39="","",UserSampleSubmission!P39) | X39: =IF(UserSampleSubmission!Q39="","",UserSampleSubmission!Q39) | Y39: =IF(UserSampleSubmission!R39="","",UserSampleSubmission!R39) | Z39: =IF(UserSampleSubmission!S39="","",UserSampleSubmission!S39) | AB39: =IF(UserSampleSubmission!T39="","",UserSampleSubmission!T39) | AC39: =IF(UserSampleSubmission!U39="","",UserSampleSubmission!U39) | AD39: =IF(UserSampleSubmission!V39="","",UserSampleSubmission!V39) | AE39: =IF(UserSampleSubmission!W39="","",UserSampleSubmission!W39) | AF39: =IF(UserSampleSubmission!X39="","",UserSampleSubmission!X39) | AG39: =IF(UserSampleSubmission!Y39="","",UserSampleSubmission!Y39) | AH39: =IF(UserSampleSubmission!Z39="","",UserSampleSubmission!Z39) | AI39: =IF(UserSampleSubmission!AA39="","",UserSampleSubmission!AA39) | AJ39: =IF(UserSampleSubmission!AB39="","",UserSampleSubmission!AB39)
A40: =IF(UserSampleSubmission!A40="","",UserSampleSubmission!A40) | B40: =IF(SampleSubmission!A40="","",IF(SampleSubmission!C$6="","",SampleSubmission!C$6)) | C40: =IF(UserSampleSubmission!B40="","",UserSampleSubmission!B40) | D40: =IF(UserSampleSubmission!C40="","",UserSampleSubmission!C40) | F40: =IF(UserSampleSubmission!D40="","",UserSampleSubmission!D40) | G40: =IF(UserSampleSubmission!E40="","",UserSampleSubmission!E40) | H40: =IF(UserSampleSubmission!F40="","",UserSampleSubmission!F40) | I40: =IF(UserSampleSubmission!G40="","",UserSampleSubmission!G40) | J40: =IF(UserSampleSubmission!H40="","",UserSampleSubmission!H40) | K40: =IF(OR(UserSampleSubmission!A40="", UserSampleSubmission!B40="", AND(UserSampleSubmission!B40<>"DNA", UserSampleSubmission!B40<>"RNA")), "", IF(UserSampleSubmission!I40="","TISSUE",UserSampleSubmission!I40)) | L40: =IF(UserSampleSubmission!J40="","",UserSampleSubmission!J40) | M40: =IF(UserSampleSubmission!K40="","",UserSampleSubmission!K40) | N40: =IF(UserSampleSubmission!K40="","",UserSampleSubmission!K40) | O40: =IF(UserSampleSubmission!L40="","",UserSampleSubmission!L40) | P40: =IF(UserSampleSubmission!M40="","",UserSampleSubmission!M40) | Q40: =IF(R40="","",R40) | R40: =IF(UserSampleSubmission!N40="","",UserSampleSubmission!N40) | S40: =IF(UserSampleSubmission!O40="","",UserSampleSubmission!O40) | W40: =IF(UserSampleSubmission!P40="","",UserSampleSubmission!P40) | X40: =IF(UserSampleSubmission!Q40="","",UserSampleSubmission!Q40) | Y40: =IF(UserSampleSubmission!R40="","",UserSampleSubmission!R40) | Z40: =IF(UserSampleSubmission!S40="","",UserSampleSubmission!S40) | AB40: =IF(UserSampleSubmission!T40="","",UserSampleSubmission!T40) | AC40: =IF(UserSampleSubmission!U40="","",UserSampleSubmission!U40) | AD40: =IF(UserSampleSubmission!V40="","",UserSampleSubmission!V40) | AE40: =IF(UserSampleSubmission!W40="","",UserSampleSubmission!W40) | AF40: =IF(UserSampleSubmission!X40="","",UserSampleSubmission!X40) | AG40: =IF(UserSampleSubmission!Y40="","",UserSampleSubmission!Y40) | AH40: =IF(UserSampleSubmission!Z40="","",UserSampleSubmission!Z40) | AI40: =IF(UserSampleSubmission!AA40="","",UserSampleSubmission!AA40) | AJ40: =IF(UserSampleSubmission!AB40="","",UserSampleSubmission!AB40)
A41: =IF(UserSampleSubmission!A41="","",UserSampleSubmission!A41) | B41: =IF(SampleSubmission!A41="","",IF(SampleSubmission!C$6="","",SampleSubmission!C$6)) | C41: =IF(UserSampleSubmission!B41="","",UserSampleSubmission!B41) | D41: =IF(UserSampleSubmission!C41="","",UserSampleSubmission!C41) | F41: =IF(UserSampleSubmission!D41="","",UserSampleSubmission!D41) | G41: =IF(UserSampleSubmission!E41="","",UserSampleSubmission!E41) | H41: =IF(UserSampleSubmission!F41="","",UserSampleSubmission!F41) | I41: =IF(UserSampleSubmission!G41="","",UserSampleSubmission!G41) | J41: =IF(UserSampleSubmission!H41="","",UserSampleSubmission!H41) | K41: =IF(OR(UserSampleSubmission!A41="", UserSampleSubmission!B41="", AND(UserSampleSubmission!B41<>"DNA", UserSampleSubmission!B41<>"RNA")), "", IF(UserSampleSubmission!I41="","TISSUE",UserSampleSubmission!I41)) | L41: =IF(UserSampleSubmission!J41="","",UserSampleSubmission!J41) | M41: =IF(UserSampleSubmission!K41="","",UserSampleSubmission!K41) | N41: =IF(UserSampleSubmission!K41="","",UserSampleSubmission!K41) | O41: =IF(UserSampleSubmission!L41="","",UserSampleSubmission!L41) | P41: =IF(UserSampleSubmission!M41="","",UserSampleSubmission!M41) | Q41: =IF(R41="","",R41) | R41: =IF(UserSampleSubmission!N41="","",UserSampleSubmission!N41) | S41: =IF(UserSampleSubmission!O41="","",UserSampleSubmission!O41) | W41: =IF(UserSampleSubmission!P41="","",UserSampleSubmission!P41) | X41: =IF(UserSampleSubmission!Q41="","",UserSampleSubmission!Q41) | Y41: =IF(UserSampleSubmission!R41="","",UserSampleSubmission!R41) | Z41: =IF(UserSampleSubmission!S41="","",UserSampleSubmission!S41) | AB41: =IF(UserSampleSubmission!T41="","",UserSampleSubmission!T41) | AC41: =IF(UserSampleSubmission!U41="","",UserSampleSubmission!U41) | AD41: =IF(UserSampleSubmission!V41="","",UserSampleSubmission!V41) | AE41: =IF(UserSampleSubmission!W41="","",UserSampleSubmission!W41) | AF41: =IF(UserSampleSubmission!X41="","",UserSampleSubmission!X41) | AG41: =IF(UserSampleSubmission!Y41="","",UserSampleSubmission!Y41) | AH41: =IF(UserSampleSubmission!Z41="","",UserSampleSubmission!Z41) | AI41: =IF(UserSampleSubmission!AA41="","",UserSampleSubmission!AA41) | AJ41: =IF(UserSampleSubmission!AB41="","",UserSampleSubmission!AB41)
A42: =IF(UserSampleSubmission!A42="","",UserSampleSubmission!A42) | B42: =IF(SampleSubmission!A42="","",IF(SampleSubmission!C$6="","",SampleSubmission!C$6)) | C42: =IF(UserSampleSubmission!B42="","",UserSampleSubmission!B42) | D42: =IF(UserSampleSubmission!C42="","",UserSampleSubmission!C42) | F42: =IF(UserSampleSubmission!D42="","",UserSampleSubmission!D42) | G42: =IF(UserSampleSubmission!E42="","",UserSampleSubmission!E42) | H42: =IF(UserSampleSubmission!F42="","",UserSampleSubmission!F42) | I42: =IF(UserSampleSubmission!G42="","",UserSampleSubmission!G42) | J42: =IF(UserSampleSubmission!H42="","",UserSampleSubmission!H42) | K42: =IF(OR(UserSampleSubmission!A42="", UserSampleSubmission!B42="", AND(UserSampleSubmission!B42<>"DNA", UserSampleSubmission!B42<>"RNA")), "", IF(UserSampleSubmission!I42="","TISSUE",UserSampleSubmission!I42)) | L42: =IF(UserSampleSubmission!J42="","",UserSampleSubmission!J42) | M42: =IF(UserSampleSubmission!K42="","",UserSampleSubmission!K42) | N42: =IF(UserSampleSubmission!K42="","",UserSampleSubmission!K42) | O42: =IF(UserSampleSubmission!L42="","",UserSampleSubmission!L42) | P42: =IF(UserSampleSubmission!M42="","",UserSampleSubmission!M42) | Q42: =IF(R42="","",R42) | R42: =IF(UserSampleSubmission!N42="","",UserSampleSubmission!N42) | S42: =IF(UserSampleSubmission!O42="","",UserSampleSubmission!O42) | W42: =IF(UserSampleSubmission!P42="","",UserSampleSubmission!P42) | X42: =IF(UserSampleSubmission!Q42="","",UserSampleSubmission!Q42) | Y42: =IF(UserSampleSubmission!R42="","",UserSampleSubmission!R42) | Z42: =IF(UserSampleSubmission!S42="","",UserSampleSubmission!S42) | AB42: =IF(UserSampleSubmission!T42="","",UserSampleSubmission!T42) | AC42: =IF(UserSampleSubmission!U42="","",UserSampleSubmission!U42) | AD42: =IF(UserSampleSubmission!V42="","",UserSampleSubmission!V42) | AE42: =IF(UserSampleSubmission!W42="","",UserSampleSubmission!W42) | AF42: =IF(UserSampleSubmission!X42="","",UserSampleSubmission!X42) | AG42: =IF(UserSampleSubmission!Y42="","",UserSampleSubmission!Y42) | AH42: =IF(UserSampleSubmission!Z42="","",UserSampleSubmission!Z42) | AI42: =IF(UserSampleSubmission!AA42="","",UserSampleSubmission!AA42) | AJ42: =IF(UserSampleSubmission!AB42="","",UserSampleSubmission!AB42)
A43: =IF(UserSampleSubmission!A43="","",UserSampleSubmission!A43) | B43: =IF(SampleSubmission!A43="","",IF(SampleSubmission!C$6="","",SampleSubmission!C$6)) | C43: =IF(UserSampleSubmission!B43="","",UserSampleSubmission!B43) | D43: =IF(UserSampleSubmission!C43="","",UserSampleSubmission!C43) | F43: =IF(UserSampleSubmission!D43="","",UserSampleSubmission!D43) | G43: =IF(UserSampleSubmission!E43="","",UserSampleSubmission!E43) | H43: =IF(UserSampleSubmission!F43="","",UserSampleSubmission!F43) | I43: =IF(UserSampleSubmission!G43="","",UserSampleSubmission!G43) | J43: =IF(UserSampleSubmission!H43="","",UserSampleSubmission!H43) | K43: =IF(OR(UserSampleSubmission!A43="", UserSampleSubmission!B43="", AND(UserSampleSubmission!B43<>"DNA", UserSampleSubmission!B43<>"RNA")), "", IF(UserSampleSubmission!I43="","TISSUE",UserSampleSubmission!I43)) | L43: =IF(UserSampleSubmission!J43="","",UserSampleSubmission!J43) | M43: =IF(UserSampleSubmission!K43="","",UserSampleSubmission!K43) | N43: =IF(UserSampleSubmission!K43="","",UserSampleSubmission!K43) | O43: =IF(UserSampleSubmission!L43="","",UserSampleSubmission!L43) | P43: =IF(UserSampleSubmission!M43="","",UserSampleSubmission!M43) | Q43: =IF(R43="","",R43) | R43: =IF(UserSampleSubmission!N43="","",UserSampleSubmission!N43) | S43: =IF(UserSampleSubmission!O43="","",UserSampleSubmission!O43) | W43: =IF(UserSampleSubmission!P43="","",UserSampleSubmission!P43) | X43: =IF(UserSampleSubmission!Q43="","",UserSampleSubmission!Q43) | Y43: =IF(UserSampleSubmission!R43="","",UserSampleSubmission!R43) | Z43: =IF(UserSampleSubmission!S43="","",UserSampleSubmission!S43) | AB43: =IF(UserSampleSubmission!T43="","",UserSampleSubmission!T43) | AC43: =IF(UserSampleSubmission!U43="","",UserSampleSubmission!U43) | AD43: =IF(UserSampleSubmission!V43="","",UserSampleSubmission!V43) | AE43: =IF(UserSampleSubmission!W43="","",UserSampleSubmission!W43) | AF43: =IF(UserSampleSubmission!X43="","",UserSampleSubmission!X43) | AG43: =IF(UserSampleSubmission!Y43="","",UserSampleSubmission!Y43) | AH43: =IF(UserSampleSubmission!Z43="","",UserSampleSubmission!Z43) | AI43: =IF(UserSampleSubmission!AA43="","",UserSampleSubmission!AA43) | AJ43: =IF(UserSampleSubmission!AB43="","",UserSampleSubmission!AB43)
... A1000: =IF(UserSampleSubmission!A1000="","",UserSampleSubmission!A1000) | B1000: =IF(SampleSubmission!A1000="","",IF(SampleSubmission!C$6="","",SampleSubmission!C$6)) | C1000: =IF(UserSampleSubmission!B1000="","",UserSampleSubmission!B1000) | D1000: =IF(UserSampleSubmission!C1000="","",UserSampleSubmission!C1000) | F1000: =IF(UserSampleSubmission!D1000="","",UserSampleSubmission!D1000) | G1000: =IF(UserSampleSubmission!E1000="","",UserSampleSubmission!E1000) | H1000: =IF(UserSampleSubmission!F1000="","",UserSampleSubmission!F1000) | I1000: =IF(UserSampleSubmission!G1000="","",UserSampleSubmission!G1000) | J1000: =IF(UserSampleSubmission!H1000="","",UserSampleSubmission!H1000) | K1000: =IF(OR(UserSampleSubmission!A1000="", UserSampleSubmission!B1000="", AND(UserSampleSubmission!B1000<>"DNA", UserSampleSubmission!B1000<>"RNA")), "", IF(UserSampleSubmission!I1000="","TISSUE",UserSampleSubmission!I1000)) | L1000: =IF(UserSampleSubmission!J1000="","",UserSampleSubmission!J1000) | M1000: =IF(UserSampleSubmission!K1000="","",UserSampleSubmission!K1000) | N1000: =IF(UserSampleSubmission!K1000="","",UserSampleSubmission!K1000) | O1000: =IF(UserSampleSubmission!L1000="","",UserSampleSubmission!L1000) | P1000: =IF(UserSampleSubmission!M1000="","",UserSampleSubmission!M1000) | Q1000: =IF(R1000="","",R1000) | R1000: =IF(UserSampleSubmission!N1000="","",UserSampleSubmission!N1000) | S1000: =IF(UserSampleSubmission!O1000="","",UserSampleSubmission!O1000) | W1000: =IF(UserSampleSubmission!P1000="","",UserSampleSubmission!P1000) | X1000: =IF(UserSampleSubmission!Q1000="","",UserSampleSubmission!Q1000) | Y1000: =IF(UserSampleSubmission!R1000="","",UserSampleSubmission!R1000) | Z1000: =IF(UserSampleSubmission!S1000="","",UserSampleSubmission!S1000) | AB1000: =IF(UserSampleSubmission!T1000="","",UserSampleSubmission!T1000) | AC1000: =IF(UserSampleSubmission!U1000="","",UserSampleSubmission!U1000) | AD1000: =IF(UserSampleSubmission!V1000="","",UserSampleSubmission!V1000) | AE1000: =IF(UserSampleSubmission!W1000="","",UserSampleSubmission!W1000) | AF1000: =IF(UserSampleSubmission!X1000="","",UserSampleSubmission!X1000) | AG1000: =IF(UserSampleSubmission!Y1000="","",UserSampleSubmission!Y1000) | AH1000: =IF(UserSampleSubmission!Z1000="","",UserSampleSubmission!Z1000) | AI1000: =IF(UserSampleSubmission!AA1000="","",UserSampleSubmission!AA1000) | AJ1000: =IF(UserSampleSubmission!AB1000="","",UserSampleSubmission!AB1000)

Sheet PoolSubmission
A1: Pool Submission
C2: * | D2: * | F2: *
A3: Pool Name | B3: Pool Volume | C3: Reception (YYYY-MM-DD) | D3: Container Kind | E3: Container Barcode | F3: Container Name | G3: Pool Coord | H3: Location Kind | I3: Location Barcode | J3: Location Name | K3: Container Coord | L3: Seq Instrument Type | M3: Comment
A4: =IF(UserPoolSubmission!A4="","",UserPoolSubmission!A4) | B4: =IF( PoolSubmission!$A4<>"", IF(SUMIF(SampleSubmission!$F$10:$F$1000, PoolSubmission!$A4, SampleSubmission!$H$10:$H$1000) <> 0, SUMIF(SampleSubmission!$F$10:$F$1000, PoolSubmission!$A4, SampleSubmission!$H$10:$H$1000), ""), "") | C4: =IF(PoolSubmission!A4="","",IF(SampleSubmission!C$6="","",SampleSubmission!C$6)) | D4: =IF(UserPoolSubmission!C4="","",UserPoolSubmission!C4) | E4: =IF(F4="","",F4) | F4: =IF(UserPoolSubmission!D4="","",UserPoolSubmission!D4) | G4: =IF(UserPoolSubmission!E4="","",UserPoolSubmission!E4) | I4: =IF(J4="","",J4) | M4: =IF(UserPoolSubmission!F4="","",UserPoolSubmission!F4)
A5: =IF(UserPoolSubmission!A5="","",UserPoolSubmission!A5) | B5: =IF( PoolSubmission!$A5<>"", IF(SUMIF(SampleSubmission!$F$10:$F$1000, PoolSubmission!$A5, SampleSubmission!$H$10:$H$1000) <> 0, SUMIF(SampleSubmission!$F$10:$F$1000, PoolSubmission!$A5, SampleSubmission!$H$10:$H$1000), ""), "") | C5: =IF(PoolSubmission!A5="","",IF(SampleSubmission!C$6="","",SampleSubmission!C$6)) | D5: =IF(UserPoolSubmission!C5="","",UserPoolSubmission!C5) | E5: =IF(F5="","",F5) | F5: =IF(UserPoolSubmission!D5="","",UserPoolSubmission!D5) | G5: =IF(UserPoolSubmission!E5="","",UserPoolSubmission!E5) | I5: =IF(J5="","",J5) | M5: =IF(UserPoolSubmission!F5="","",UserPoolSubmission!F5)
A6: =IF(UserPoolSubmission!A6="","",UserPoolSubmission!A6) | B6: =IF( PoolSubmission!$A6<>"", IF(SUMIF(SampleSubmission!$F$10:$F$1000, PoolSubmission!$A6, SampleSubmission!$H$10:$H$1000) <> 0, SUMIF(SampleSubmission!$F$10:$F$1000, PoolSubmission!$A6, SampleSubmission!$H$10:$H$1000), ""), "") | C6: =IF(PoolSubmission!A6="","",IF(SampleSubmission!C$6="","",SampleSubmission!C$6)) | D6: =IF(UserPoolSubmission!C6="","",UserPoolSubmission!C6) | E6: =IF(F6="","",F6) | F6: =IF(UserPoolSubmission!D6="","",UserPoolSubmission!D6) | G6: =IF(UserPoolSubmission!E6="","",UserPoolSubmission!E6) | I6: =IF(J6="","",J6) | M6: =IF(UserPoolSubmission!F6="","",UserPoolSubmission!F6)
A7: =IF(UserPoolSubmission!A7="","",UserPoolSubmission!A7) | B7: =IF( PoolSubmission!$A7<>"", IF(SUMIF(SampleSubmission!$F$10:$F$1000, PoolSubmission!$A7, SampleSubmission!$H$10:$H$1000) <> 0, SUMIF(SampleSubmission!$F$10:$F$1000, PoolSubmission!$A7, SampleSubmission!$H$10:$H$1000), ""), "") | C7: =IF(PoolSubmission!A7="","",IF(SampleSubmission!C$6="","",SampleSubmission!C$6)) | D7: =IF(UserPoolSubmission!C7="","",UserPoolSubmission!C7) | E7: =IF(F7="","",F7) | F7: =IF(UserPoolSubmission!D7="","",UserPoolSubmission!D7) | G7: =IF(UserPoolSubmission!E7="","",UserPoolSubmission!E7) | I7: =IF(J7="","",J7) | M7: =IF(UserPoolSubmission!F7="","",UserPoolSubmission!F7)
A8: =IF(UserPoolSubmission!A8="","",UserPoolSubmission!A8) | B8: =IF( PoolSubmission!$A8<>"", IF(SUMIF(SampleSubmission!$F$10:$F$1000, PoolSubmission!$A8, SampleSubmission!$H$10:$H$1000) <> 0, SUMIF(SampleSubmission!$F$10:$F$1000, PoolSubmission!$A8, SampleSubmission!$H$10:$H$1000), ""), "") | C8: =IF(PoolSubmission!A8="","",IF(SampleSubmission!C$6="","",SampleSubmission!C$6)) | D8: =IF(UserPoolSubmission!C8="","",UserPoolSubmission!C8) | E8: =IF(F8="","",F8) | F8: =IF(UserPoolSubmission!D8="","",UserPoolSubmission!D8) | G8: =IF(UserPoolSubmission!E8="","",UserPoolSubmission!E8) | I8: =IF(J8="","",J8) | M8: =IF(UserPoolSubmission!F8="","",UserPoolSubmission!F8)
A9: =IF(UserPoolSubmission!A9="","",UserPoolSubmission!A9) | B9: =IF( PoolSubmission!$A9<>"", IF(SUMIF(SampleSubmission!$F$10:$F$1000, PoolSubmission!$A9, SampleSubmission!$H$10:$H$1000) <> 0, SUMIF(SampleSubmission!$F$10:$F$1000, PoolSubmission!$A9, SampleSubmission!$H$10:$H$1000), ""), "") | C9: =IF(PoolSubmission!A9="","",IF(SampleSubmission!C$6="","",SampleSubmission!C$6)) | D9: =IF(UserPoolSubmission!C9="","",UserPoolSubmission!C9) | E9: =IF(F9="","",F9) | F9: =IF(UserPoolSubmission!D9="","",UserPoolSubmission!D9) | G9: =IF(UserPoolSubmission!E9="","",UserPoolSubmission!E9) | I9: =IF(J9="","",J9) | M9: =IF(UserPoolSubmission!F9="","",UserPoolSubmission!F9)
A10: =IF(UserPoolSubmission!A10="","",UserPoolSubmission!A10) | B10: =IF( PoolSubmission!$A10<>"", IF(SUMIF(SampleSubmission!$F$10:$F$1000, PoolSubmission!$A10, SampleSubmission!$H$10:$H$1000) <> 0, SUMIF(SampleSubmission!$F$10:$F$1000, PoolSubmission!$A10, SampleSubmission!$H$10:$H$1000), ""), "") | C10: =IF(PoolSubmission!A10="","",IF(SampleSubmission!C$6="","",SampleSubmission!C$6)) | D10: =IF(UserPoolSubmission!C10="","",UserPoolSubmission!C10) | E10: =IF(F10="","",F10) | F10: =IF(UserPoolSubmission!D10="","",UserPoolSubmission!D10) | G10: =IF(UserPoolSubmission!E10="","",UserPoolSubmission!E10) | I10: =IF(J10="","",J10) | M10: =IF(UserPoolSubmission!F10="","",UserPoolSubmission!F10)
A11: =IF(UserPoolSubmission!A11="","",UserPoolSubmission!A11) | B11: =IF( PoolSubmission!$A11<>"", IF(SUMIF(SampleSubmission!$F$10:$F$1000, PoolSubmission!$A11, SampleSubmission!$H$10:$H$1000) <> 0, SUMIF(SampleSubmission!$F$10:$F$1000, PoolSubmission!$A11, SampleSubmission!$H$10:$H$1000), ""), "") | C11: =IF(PoolSubmission!A11="","",IF(SampleSubmission!C$6="","",SampleSubmission!C$6)) | D11: =IF(UserPoolSubmission!C11="","",UserPoolSubmission!C11) | E11: =IF(F11="","",F11) | F11: =IF(UserPoolSubmission!D11="","",UserPoolSubmission!D11) | G11: =IF(UserPoolSubmission!E11="","",UserPoolSubmission!E11) | I11: =IF(J11="","",J11) | M11: =IF(UserPoolSubmission!F11="","",UserPoolSubmission!F11)
A12: =IF(UserPoolSubmission!A12="","",UserPoolSubmission!A12) | B12: =IF( PoolSubmission!$A12<>"", IF(SUMIF(SampleSubmission!$F$10:$F$1000, PoolSubmission!$A12, SampleSubmission!$H$10:$H$1000) <> 0, SUMIF(SampleSubmission!$F$10:$F$1000, PoolSubmission!$A12, SampleSubmission!$H$10:$H$1000), ""), "") | C12: =IF(PoolSubmission!A12="","",IF(SampleSubmission!C$6="","",SampleSubmission!C$6)) | D12: =IF(UserPoolSubmission!C12="","",UserPoolSubmission!C12) | E12: =IF(F12="","",F12) | F12: =IF(UserPoolSubmission!D12="","",UserPoolSubmission!D12) | G12: =IF(UserPoolSubmission!E12="","",UserPoolSubmission!E12) | I12: =IF(J12="","",J12) | M12: =IF(UserPoolSubmission!F12="","",UserPoolSubmission!F12)
A13: =IF(UserPoolSubmission!A13="","",UserPoolSubmission!A13) | B13: =IF( PoolSubmission!$A13<>"", IF(SUMIF(SampleSubmission!$F$10:$F$1000, PoolSubmission!$A13, SampleSubmission!$H$10:$H$1000) <> 0, SUMIF(SampleSubmission!$F$10:$F$1000, PoolSubmission!$A13, SampleSubmission!$H$10:$H$1000), ""), "") | C13: =IF(PoolSubmission!A13="","",IF(SampleSubmission!C$6="","",SampleSubmission!C$6)) | D13: =IF(UserPoolSubmission!C13="","",UserPoolSubmission!C13) | E13: =IF(F13="","",F13) | F13: =IF(UserPoolSubmission!D13="","",UserPoolSubmission!D13) | G13: =IF(UserPoolSubmission!E13="","",UserPoolSubmission!E13) | I13: =IF(J13="","",J13) | M13: =IF(UserPoolSubmission!F13="","",UserPoolSubmission!F13)
A14: =IF(UserPoolSubmission!A14="","",UserPoolSubmission!A14) | B14: =IF( PoolSubmission!$A14<>"", IF(SUMIF(SampleSubmission!$F$10:$F$1000, PoolSubmission!$A14, SampleSubmission!$H$10:$H$1000) <> 0, SUMIF(SampleSubmission!$F$10:$F$1000, PoolSubmission!$A14, SampleSubmission!$H$10:$H$1000), ""), "") | C14: =IF(PoolSubmission!A14="","",IF(SampleSubmission!C$6="","",SampleSubmission!C$6)) | D14: =IF(UserPoolSubmission!C14="","",UserPoolSubmission!C14) | E14: =IF(F14="","",F14) | F14: =IF(UserPoolSubmission!D14="","",UserPoolSubmission!D14) | G14: =IF(UserPoolSubmission!E14="","",UserPoolSubmission!E14) | I14: =IF(J14="","",J14) | M14: =IF(UserPoolSubmission!F14="","",UserPoolSubmission!F14)
A15: =IF(UserPoolSubmission!A15="","",UserPoolSubmission!A15) | B15: =IF( PoolSubmission!$A15<>"", IF(SUMIF(SampleSubmission!$F$10:$F$1000, PoolSubmission!$A15, SampleSubmission!$H$10:$H$1000) <> 0, SUMIF(SampleSubmission!$F$10:$F$1000, PoolSubmission!$A15, SampleSubmission!$H$10:$H$1000), ""), "") | C15: =IF(PoolSubmission!A15="","",IF(SampleSubmission!C$6="","",SampleSubmission!C$6)) | D15: =IF(UserPoolSubmission!C15="","",UserPoolSubmission!C15) | E15: =IF(F15="","",F15) | F15: =IF(UserPoolSubmission!D15="","",UserPoolSubmission!D15) | G15: =IF(UserPoolSubmission!E15="","",UserPoolSubmission!E15) | I15: =IF(J15="","",J15) | M15: =IF(UserPoolSubmission!F15="","",UserPoolSubmission!F15)
... A500: =IF(UserPoolSubmission!A500="","",UserPoolSubmission!A500) | B500: =IF( PoolSubmission!$A500<>"", IF(SUMIF(SampleSubmission!$F$10:$F$1000, PoolSubmission!$A500, SampleSubmission!$H$10:$H$1000) <> 0, SUMIF(SampleSubmission!$F$10:$F$1000, PoolSubmission!$A500, SampleSubmission!$H$10:$H$1000), ""), "") | C500: =IF(PoolSubmission!A500="","",IF(SampleSubmission!C$6="","",SampleSubmission!C$6)) | D500: =IF(UserPoolSubmission!C500="","",UserPoolSubmission!C500) | E500: =IF(F500="","",F500) | F500: =IF(UserPoolSubmission!D500="","",UserPoolSubmission!D500) | G500: =IF(UserPoolSubmission!E500="","",UserPoolSubmission!E500) | I500: =IF(J500="","",J500) | M500: =IF(UserPoolSubmission!F500="","",UserPoolSubmission!F500)

Sheet Info
A1: Instructions about the sample submission template
A3: This template is used both internally by the lab and by external clients. Certain fields are only used by the lab.
A5: Sample Submission
A7: Samples are submitted by entering sample information in the SampleSubmission sheet. External clients can submit basic information about the samples. For submissions made by the lab, all required columns marked by an asterisk must be filled.
A9: Library Submission
A11: Columns related to libraries are greyed out by default. To submit a library you must choose a library or library in pool in the sample type column. The remaining library columns will then become available.
A12: All columns are required, except for Selection and Selection Target.
A14: If the indices used for your libraries do not match the ones listed in the template, please adjoin your index information in the IndexSubmission sheet.
A16: Individual Information
A18: You are not required to provide individual information.
A20: If you do need to submit information about individuals then the Individual Name, NCBI Taxon ID# and Sex are required.
A21: The individual Name can contain any value. If the same Name is already used in the system then the lab will move the Name to the Individual Alias column and will generate a unique Name for the individual, for internal use.
... A32: sample submission template fields information
D34: Client provided = | G34: Internal use = | J34: Client provided + Internal review =
B36: Sample Type | C36: Type of sample sent (Sample, Library or Library in pool). Unshade appropriate fields requirements.
B37: Reception (YYYY-MM-DD) | C37: Date the sample was received at the center.
B38: Sample Kind | C38: Type of material sent as sample.
B39: Sample Name | C39: Sample name for the sample reviewed internally to facilitate tracking. Authorized characters : A-Z, a-z, 0-9, "-", "_". Max length: 200.
B40: Alias | C40: Name given by the client to the sample. Will default to the Sample Name if left empty. Authorized characters : A-Z, a-z, 0-9, "-", "_". Max length: 200
B41: Pool Name | C41: For pooled libraries submission. Name to use as sample name for a pool. Authorized characters : A-Z, a-z, 0-9, "-", "_". Max length: 200.
B42: Volume (uL) | C42: Volume of the sample submitted.
B43: Conc. (ng/uL) | C43: Provide if available. Concentration of the sample submitted.
B44: Collection Site | C44: Collection site.
B45: Tissue Source | C45: Required for Sample Kind DNA and RNA. The tissue from which the sample was extracted. Use "Tissue" if unknown.
B46: Container Kind | C46: Type of container used for the submission of the sample.
B47: Container Barcode | C47: Unique container barcode identifier for sample container.
... B83: Comment | C83: Additional information that applies to the whole pool.

Sheet Index
A1: Sample Kind | B1: Tissue Source | C1: Container Kind | D1: _96-well plate (Column) | E1: _96-well plate (Row) | F1: _384-well plate (Column) | G1: _384-well plate (Row) | H1: _Tube box 9x9 (Column) | I1: _Tube box 9x9 (Row) | J1: _Tube box 10x10 (Column) | K1: _Tube box 10x10 (Row) | L1: _Tube Strip 2x1 | M1: Taxon | N1: Reference Genome | O1: Sex | P1: Pools | Q1: Library Type | R1: Platform | S1: Strandedness | T1: Seq Instrument Type | U1: Index Set | V1: INDICES BY SET => | W1: _10x_Genomics-Dual_Index_Kit_NN_Set_A | X1: _10x_Genomics-Dual_Index_Kit_NT_Set_A | Y1: _10x_Genomics-Dual_Index_Kit_TN_Set_A | Z1: _10x_Genomics-Dual_Index_Kit_TS_Set_A | AA1: _10x_Genomics-Dual_Index_Kit_TT_Set_A | AB1: _10x_Genomics-Single_Index_Kit_N_SI-NA_Set_A | AC1: _10x_Genomics-Single_Index_Kit_T_SI-GA_Set_A | AD1: Agilent-HaloPlex_HS_Target_Enrichment_blue_orange_yellow_clear_color_plates | AE1: Agilent-SureSelect_XT_HS_high-sensitivity | AF1: Agilent-SureSelect_XT_HS_high-sensitivity_v2_3_digit | AG1: Agilent-SureSelect_XT_LI_low-input | AH1: Agilent-SureSelect_XT_v1 | AI1: BD_biosciences-BD_Rhapsody_Whole_Transcriptome_Analysis_Kit | AJ1: Biomodal-Duet_Multiomics_ModC_UDI_24kit | AK1: Broad_Institute-sgRNA_guide_RNA_index_definition | AL1: Broad_Institute-SmartSeq2_index_combinatorial_dual | AM1: Diagenode-Nextera_UDI_Adapters | AN1: Dovetail-HiChIP_MNase_Kit | AO1: Cantata_Bio-Dovetail_LinkPrep_Indexes | AP1: EpiCypher-Cut_and_Run_combinatorial_dual_adapters | AQ1: GenDX-NGSgo_IndX_plate_I_II_III_IV_GenDX_2342456 | AR1: GeoMx-DSP_index | AS1: Honeycomb-HIVE_scRNAseq_v1_Kit_Uses_custom_sequencing_primer | AT1: Honeycomb-HIVE_scRNAseq_v2_Kit_UDI_layout_PN10922_clear_plate_Uses_custom_sequencing_primer | AU1: Illumina-Made_by_IDT_for_Illumina-Nextera_UDP_v1 | AV1: Illumina-Made_by_IDT_for_Illumina-Nextera_UDP_v2 | AW1: Illumina-Made_by_IDT_for_Illumina-Nextera_UDP_v3 | AX1: Illumina-Made_by_IDT_for_Illumina-Truseq_UDI_v1 | AY1: Illumina-Made_by_IDT_for_Illumina-Truseq_UDI_v2 | AZ1: Illumina-Nextera_DNA_CD_Indexes_combinatorial_dual | BA1: Illumina-Nextera_Rapid_Capture_Custom_Enrichment_Kit | BB1: Illumina-Nextera_XT_Index_Kit | BC1: Illumina-Nextera_XT_Index_Kit_v2 | BD1: Illumina-TruSeq_DNA_and_RNA_CD_Indexes | BE1: Illumina-TruSeq_Single_Indexes | BF1: Illumina-TruSeq_Small_RNA | BG1: Illumina-TruSight_Amplicon_Panels | BH1: Integrated_DNA_Technologies_IDT-xGen_Nextera_UDI-non-UMI_Adapters_8bp_3_digit | BI1: Integrated_DNA_Technologies_IDT-xGen_UDI-non-UMI_Adapters_10bp_3_digit | BJ1: Integrated_DNA_Technologies_IDT-xGen_UDI-non-UMI_Adapters_8bp_2_digit | BK1: Integrated_DNA_Technologies_IDT-xGen_UDI-UMI_Adapters_8bp_2_digit | BL1: Integrated_DNA_Technologies_IDT-xGen_UDI-UMI_Adapters_8bp_3_digit | BM1: Integrated_DNA_Technologies_IDT-xGen_UDI-UMI_Methylated_Adapters_8bp_2_digit | BN1: Integrated_DNA_Technologies_IDT-xGen_UDI-UMI_Methylated_Adapters_order_18636890 | BO1: Lucigen-NxSeq_AmpFREE_Low_DNA_Library_Kit | BP1: MGI_Tech-MGI_Easy_DNA_Adaptors | BQ1: MGI_Tech-MGI_UDB_dual_index_barcodes | BR1: MGI_Tech-Single_index_balanced_pools | BS1: Molecular_Loop-Viral_RNA_Target_Capture_96_UDI_indexes | BT1: New_England_Biolabs_NEB-NEBNext_Dual_index_Multiplex_Oligos_for_Illumina_Index_Primers_Set_2_NEB_E7780S | BU1: New_England_Biolabs_NEB-NEBNext_Enzymatic_Methyl-seq_96_Reactions_NEB_E7140L | BV1: New_England_Biolabs_NEB-NEBNext_Enzymatic_Methyl-seq | BW1: New_England_Biolabs_NEB-NEBNext_Multiplex_Oligos_for_Illumina_Index_Primers_Set_1_2_3_4_NEB_E7335_E7500_E7710_E7730 | BX1: New_England_Biolabs_NEB-NEBNext_Multiplex_Oligos_for_Illumina_NEB_E6609 | BY1: New_England_Biolabs_NEB-NEBNext_Unique_dual_index_non-UMI_Set1_NEB_E6440 | BZ1: New_England_Biolabs_NEB-NEBNext_Unique_dual_index_non-UMI_Set2_NEB_E6442 | CA1: New_England_Biolabs_NEB-NEBNext_Unique_dual_index_non-UMI_Set3_NEB_E6444 | CB1: New_England_Biolabs_NEB-NEBNext_Unique_dual_index_non-UMI_Set4_NEB_E6446 | CC1: Omixon-HLA_Twin_Index_Plates_A_B_C | CD1: Oxford_Nanopore-Native_Barcoding_Set | CE1: Parse_Bio-Sublibrary_Indexes | CF1: Parse_Bio-Whole_Transcriptome_UDI_indexes | CG1: Perkin_Elmer-BioO_NextFlexChIPSeq_NOVA-514120_NOVA-514121_NOVA-514122_NOVA-514123 | CH1: Perkin_Elmer-BioO_Scientific_NEXTflex-96_DNA_Barcodes | CI1: Perkin_Elmer-BioO_Scientific_Nextflex_Small_RNA_Adapters_8_plex_kit | CJ1: Qiagen-QIASeq_Direct_UDI_Adapters | CK1: QIAgen-QIASeq_Direct_UDI_Plates_A_B_C_D_E_F_G_H | CL1: QIAgen-QIAseq_miRNA_NGS_96_Index_IL_QIAgen_331565 | CM1: QIAgen-QIAseq_miRNA_NGS_ILM_IPD | CN1: Quantabio-SparQ_UDI_indexes_1-96 | CO1: Roche-KAPA_Unique_Dual_Indexes | CP1: seqWell-seqWell_Indices_combinatorial_dual | CQ1: Swift_Biosciences-Swift_Normalase_Unique_Dual_Index | CR1: Takara-SMARTer_RNA_Unique_Dual_Indexes | CS1: Tecan-Ovation_Solo_RNASeq_index_S02221_S02238_S02574 | CT1: TwinStrand_Biosciences-Twin_Strand_duplex_sequencing | CU1: Twist_Biosciences-Twist_Universal_Adapter_System_16_UDI_primers | CV1: Twist_Biosciences-Twist_Universal_Adapter_System_UDI_Plates_A_B_C_D | CW1: Universal_Sequencing-TELL-Seq_index | CX1: Custom_index-Institut_de_biologie_integrative_et_des_systemes_IBIS_combinatorial_dual_index | CY1: Custom_index-Institut_de_recherches_cliniques_de_Montreal_IRCM | CZ1: Custom_index-Kaestner_Lab_ATAC-seq_Index_v1 | DA1: Custom_index-Kaestner_Lab_ATAC-seq_Index_v2 | DB1: Custom_index-McGill_DAI_Genome-wide_CRISPR_screening | DC1: Custom_index-Schloss_Lab_16S_rRNA_adapters_index_SA_SB_SC_SD | DD1: Olink_Default_Index_Set
A2: DNA | B2: BAL | C2: Tube | D2: A01 | E2: A01 | F2: A01 | G2: A01 | H2: A01 | I2: A01 | J2: A01 | K2: A01 | L2: A01 | M2: Homo sapiens | N2: GRCh38.p14 | O2: M | P2: {=IFERROR(INDEX(SampleSubmission!$F$10:$F$1000, MATCH(0, COUNTIF(Index!$P$1:P1,SampleSubmission!$F$10:$F$1000&"") + IF(SampleSubmission!$F$10:$F$1000="",1,0), 0)), "")} | Q2: PCR-free | R2: ILLUMINA | S2: Single stranded | T2: Illumina MiSeq | U2: _10x_Genomics-Dual_Index_Kit_NN_Set_A | W2: SI_NN7_A01-SI_NN5_A01 | X2: SI_NT7_A01-SI_NT5_A01 | Y2: SI_TN7_A01-SI_TN5_A01 | Z2: SI_TS7_A01-SI_TS5_A01 | AA2: SI_TT7_A01-SI_TT5_A01 | AB2: SI-NA-A1 | AC2: SI-GA-A1 | AD2: HaloPlex_Blue_A01 | AE2: SSXTHS701 | AF2: SSXTHSV27001-SSXTHSV25001 | AG2: SSXTLI7001 | AH2: SSXT701A | AI2: BD_R1-BD_F1 | AJ2: ModC701-ModC501 | AK2: BROAD_sgRNA_A01 | AL2: BRD701-BRD501 | AM2: Diag_Set1_UDI_01_i7-Diag_Set1_UDI_01_i5 | AN2: DT_Set1_UDI_PrimerPair1_i7-DT_Set1_UDI_PrimerPair1_i5 | AO2: DT_CD_i7_Primer1-DT_CD_i5_Primer1 | AP2: CUTANA_i701-CUTANA_i501 | AQ2: GenDx001_I701-I501 | AR2: DSP70577-DSP50577 | AS2: HIVE_V1_i7_A-01_HIVE_V1_i5 | AT2: HIVE_V2_i7_A01-HIVE_V2_i5_A01 | AU2: UDP70001-UDP50001 | AV2: UDP70001-UDP50001 | AW2: UDP70001-UDP50001 | AX2: UDI70001-UDI50001 | AY2: UDI70001-UDI50001 | AZ2: H701-H501 | BA2: N701-E501 | BB2: N701-N501 | BC2: N701-S501 | BD2: D701-D501 | BE2: Index_1 | BF2: RPI1 | BG2: A701-A501 | BH2: IDTN7001-IDTN5001 | BI2: IDT_10nt_UDI_i7_001-IDT_10nt_UDI_i5_001 | BJ2: IDT701-IDT501 | BK2: IDTU701-IDTU501 | BL2: IDTU7001-IDTU5001 | BM2: IDTMU701-IDTMU501 | BN2: 01A_Methylv2_TS_UDI_UMI_IDT8nt_i7_01-Methylv2_TS_UDI_UMI_IDT8nt_i5_01 | BO2: NS_Adaptor_1 | BP2: MGI01_A01_Barcode_1 | BQ2: MGI_Barcode1_UDB_001-MGI_Barcode2_UDB_001 | BR2: SI-MGIPool-C01A.4plex | BS2: mloop_i7_01-mloop_i5_01 | BT2: NEBNextDi701-NEBNextDi501 | BU2: NEBEM7_A1-NEBEM5_A1 | BV2: NEBEM701-NEBEM501 | BW2: NEBNextSI7Set1_S01 | BX2: NEBNXT_P01 | BY2: NEBNextUDI7_A01-NEBNextUDI5_A01 | BZ2: NEBNextUDI7Set2_A01-NEBNextUDI5Set2_A01 | CA2: NEBNextUDI7Set3_A01-NEBNextUDI5Set3_A01 | CB2: NEBNextUDI7Set4_A01-NEBNextUDI5Set4_A01 | CC2: OMIXA001 | CD2: BC01 | CE2: PBio_sub1 | CF2: PBio_WT1_A1_i7-PBio_WT1_A1_i5 | CG2: BioO_NextFlexChIPSeq_01 | CH2: BioOHT_1 | CI2: BioO_smRNA_01 | CJ2: i7RUDI_001-i5RUDI_001 | CK2: QIAUDI7001-QIAUDI5001 | CL2: QIASeq_miRNA_MIHT01 | CM2: QIAmiRNA_IDP01 | CN2: i7QDIY001-i5QDIY001 | CO2: KAPA_UDI01_A01_i7-KAPA_UDI01_A01_i5 | CP2: SBX_X101-SBX_X007 | CQ2: SU7001-SU5001 | CR2: U001_i7-U001_i5 | CS2: OvationSolo_RNASeq_BC001 | CT2: TwinSDP701-TwinSDP501 | CU2: Twist_UDI_01_i7-Twist_UDI_01_i5 | CV2: Twist_UDI_plateA_A01_i7-Twist_UDI_plateA_A01_i5 | CW2: T501 | CX2: B701-B501 | CY2: D701rc-D501 | CZ2: Ad2.1 | DA2: v2_Ad2.1-v2_Ad1.1 | DB2: DAIcrisper_R01 | DC2: SA701-SA501 | DD2: UNKNOWN_INDEX
A3: RNA | B3: BIOPSY | C3: 96-well plate | D3: B01 | E3: A02 | F3: B01 | G3: A02 | H3: B01 | I3: A02 | J3: B01 | K3: A02 | L3: B01 | M3: Mus musculus | N3: hs37d5 | O3: F | P3: {=IFERROR(INDEX(SampleSubmission!$F$10:$F$1000, MATCH(0, COUNTIF(Index!$P$1:P2,SampleSubmission!$F$10:$F$1000&"") + IF(SampleSubmission!$F$10:$F$1000="",1,0), 0)), "")} | Q3: PCR-enriched | R3: DNBSEQ | S3: Double stranded | T3: Illumina NovaSeq 6000 | U3: _10x_Genomics-Dual_Index_Kit_NT_Set_A | W3: SI_NN7_A02-SI_NN5_A02 | X3: SI_NT7_A02-SI_NT5_A02 | Y3: SI_TN7_A02-SI_TN5_A02 | Z3: SI_TS7_A02-SI_TS5_A02 | AA3: SI_TT7_A02-SI_TT5_A02 | AB3: SI-NA-B1 | AC3: SI-GA-A2 | AD3: HaloPlex_Blue_B01 | AE3: SSXTHS702 | AF3: SSXTHSV27002-SSXTHSV25002 | AG3: SSXTLI7002 | AH3: SSXT701B | AI3: BD_R2-BD_F1 | AJ3: ModC702-ModC502 | AK3: BROAD_sgRNA_A02 | AL3: BRD701-BRD502 | AM3: Diag_Set1_UDI_02_i7-Diag_Set1_UDI_02_i5 | AN3: DT_Set1_UDI_PrimerPair2_i7-DT_Set1_UDI_PrimerPair2_i5 | AO3: DT_CD_i7_Primer1-DT_CD_i5_Primer2 | AP3: CUTANA_i701-CUTANA_i502 | AQ3: GenDx002_I702-I501 | AR3: DSP70578-DSP50578 | AS3: HIVE_V1_i7_A-02_HIVE_V1_i5 | AT3: HIVE_V2_i7_B01-HIVE_V2_i5_B01 | AU3: UDP70002-UDP50002 | AV3: UDP70002-UDP50002 | AW3: UDP70002-UDP50002 | AX3: UDI70002-UDI50002 | AY3: UDI70002-UDI50002 | AZ3: H701-H502 | BA3: N701-E502 | BB3: N701-N502 | BC3: N701-S502 | BD3: D701-D502 | BE3: Index_2 | BF3: RPI2 | BG3: A701-A502 | BH3: IDTN7002-IDTN5002 | BI3: IDT_10nt_UDI_i7_002-IDT_10nt_UDI_i5_002 | BJ3: IDT702-IDT502 | BK3: IDTU702-IDTU502 | BL3: IDTU7002-IDTU5002 | BM3: IDTMU702-IDTMU502 | BN3: 02A_Methylv2_TS_UDI_UMI_IDT8nt_i7_02-Methylv2_TS_UDI_UMI_IDT8nt_i5_02 | BO3: NS_Adaptor_3 | BP3: MGI02_B01_Barcode_2 | BQ3: MGI_Barcode1_UDB_002-MGI_Barcode2_UDB_002 | BR3: SI-MGIPool-C01B.4plex | BS3: mloop_i7_02-mloop_i5_02 | BT3: NEBNextDi701-NEBNextDi502 | BU3: NEBEM7_B1-NEBEM5_B1 | BV3: NEBEM702-NEBEM502 | BW3: NEBNextSI7Set1_S02 | BX3: NEBNXT_P02 | BY3: NEBNextUDI7_B01-NEBNextUDI5_B01 | BZ3: NEBNextUDI7Set2_B01-NEBNextUDI5Set2_B01 | CA3: NEBNextUDI7Set3_B01-NEBNextUDI5Set3_B01 | CB3: NEBNextUDI7Set4_B01-NEBNextUDI5Set4_B01 | CC3: OMIXA002 | CD3: BC02 | CE3: PBio_sub2 | CF3: PBio_WT2_B1_i7-PBio_WT2_B1_i5 | CG3: BioO_NextFlexChIPSeq_02 | CH3: BioOHT_2 | CI3: BioO_smRNA_02 | CJ3: i7RUDI_002-i5RUDI_002 | CK3: QIAUDI7002-QIAUDI5002 | CL3: QIASeq_miRNA_MIHT02 | CM3: QIAmiRNA_IDP02 | CN3: i7QDIY002-i5QDIY002 | CO3: KAPA_UDI02_B01_i7-KAPA_UDI02_B01_i5 | CP3: SBX_X101-SBX_X060 | CQ3: SU7002-SU5002 | CR3: U002_i7-U002_i5 | CS3: OvationSolo_RNASeq_BC002 | CT3: TwinSDP702-TwinSDP502 | CU3: Twist_UDI_02_i7-Twist_UDI_02_i5 | CV3: Twist_UDI_plateA_B01_i7-Twist_UDI_plateA_B01_i5 | CW3: T502 | CX3: B701-B502 | CY3: D701rc-D502 | CZ3: Ad2.2 | DA3: v2_Ad2.2-v2_Ad1.2 | DB3: DAIcrisper_R02 | DC3: SA701-SA502
A4: BAL | B4: BLOOD | C4: 384-well plate | D4: C01 | E4: A03 | F4: C01 | G4: A03 | H4: C01 | I4: A03 | J4: C01 | K4: A03 | M4: Sars-Cov-2 | N4: GRCm39 | O4: Unknown | P4: {=IFERROR(INDEX(SampleSubmission!$F$10:$F$1000, MATCH(0, COUNTIF(Index!$P$1:P3,SampleSubmission!$F$10:$F$1000&"") + IF(SampleSubmission!$F$10:$F$1000="",1,0), 0)), "")} | Q4: RNASeq | R4: OXFORD_NANOPORE | T4: Illumina NovaSeq X | U4: _10x_Genomics-Dual_Index_Kit_TN_Set_A | W4: SI_NN7_A03-SI_NN5_A03 | X4: SI_NT7_A03-SI_NT5_A03 | Y4: SI_TN7_A03-SI_TN5_A03 | Z4: SI_TS7_A03-SI_TS5_A03 | AA4: SI_TT7_A03-SI_TT5_A03 | AB4: SI-NA-C1 | AC4: SI-GA-A3 | AD4: HaloPlex_Blue_C01 | AE4: SSXTHS703 | AF4: SSXTHSV27003-SSXTHSV25003 | AG4: SSXTLI7003 | AH4: SSXT701C | AI4: BD_R3-BD_F1 | AJ4: ModC703-ModC503 | AK4: BROAD_sgRNA_A03 | AL4: BRD701-BRD503 | AM4: Diag_Set1_UDI_03_i7-Diag_Set1_UDI_03_i5 | AN4: DT_Set1_UDI_PrimerPair3_i7-DT_Set1_UDI_PrimerPair3_i5 | AO4: DT_CD_i7_Primer1-DT_CD_i5_Primer3 | AP4: CUTANA_i701-CUTANA_i503 | AQ4: GenDx003_I701-I505 | AR4: DSP70579-DSP50579 | AS4: HIVE_V1_i7_A-03_HIVE_V1_i5 | AT4: HIVE_V2_i7_C01-HIVE_V2_i5_C01 | AU4: UDP70003-UDP50003 | AV4: UDP70003-UDP50003 | AW4: UDP70003V3-UDP50003V3 | AX4: UDI70003-UDI50003 | AY4: UDI70003-UDI50003 | AZ4: H701-H503 | BA4: N701-E503 | BB4: N701-N503 | BC4: N701-S503 | BD4: D701-D503 | BE4: Index_3 | BF4: RPI3 | BG4: A701-A503 | BH4: IDTN7003-IDTN5003 | BI4: IDT_10nt_UDI_i7_003-IDT_10nt_UDI_i5_003 | BJ4: IDT703-IDT503 | BK4: IDTU703-IDTU503 | BL4: IDTU7003-IDTU5003 | BM4: IDTMU703-IDTMU503 | BN4: 03A_Methylv2_TS_UDI_UMI_IDT8nt_i7_03-Methylv2_TS_UDI_UMI_IDT8nt_i5_03 | BO4: NS_Adaptor_4 | BP4: MGI03_C01_Barcode_3 | BQ4: MGI_Barcode1_UDB_003-MGI_Barcode2_UDB_003 | BR4: SI-MGIPool-C02.8plex | BS4: mloop_i7_03-mloop_i5_03 | BT4: NEBNextDi701-NEBNextDi503 | BU4: NEBEM7_C1-NEBEM5_C1 | BV4: NEBEM703-NEBEM503 | BW4: NEBNextSI7Set1_S03 | BX4: NEBNXT_P03 | BY4: NEBNextUDI7_C01-NEBNextUDI5_C01 | BZ4: NEBNextUDI7Set2_C01-NEBNextUDI5Set2_C01 | CA4: NEBNextUDI7Set3_C01-NEBNextUDI5Set3_C01 | CB4: NEBNextUDI7Set4_C01-NEBNextUDI5Set4_C01 | CC4: OMIXA003 | CD4: BC03 | CE4: PBio_sub3 | CF4: PBio_WT3_C1_i7-PBio_WT3_C1_i5 | CG4: BioO_NextFlexChIPSeq_03 | CH4: BioOHT_3 | CI4: BioO_smRNA_04 | CJ4: i7RUDI_003-i5RUDI_003 | CK4: QIAUDI7003-QIAUDI5003 | CL4: QIASeq_miRNA_MIHT03 | CM4: QIAmiRNA_IDP03 | CN4: i7QDIY003-i5QDIY003 | CO4: KAPA_UDI03_C01_i7-KAPA_UDI03_C01_i5 | CP4: SBX_X101-SBX_X079 | CQ4: SU7003-SU5003 | CR4: U003_i7-U003_i5 | CS4: OvationSolo_RNASeq_BC003 | CT4: TwinSDP703-TwinSDP503 | CU4: Twist_UDI_03_i7-Twist_UDI_03_i5 | CV4: Twist_UDI_plateA_C01_i7-Twist_UDI_plateA_C01_i5 | CW4: T503 | CX4: B701-B503 | CY4: D701rc-D503 | CZ4: Ad2.3 | DA4: v2_Ad2.3-v2_Ad1.3 | DB4: DAIcrisper_R03 | DC4: SA701-SA503
A5: BIOPSY | B5: BUFFY COAT | C5: Tube Strip 2x1 | D5: D01 | E5: A04 | F5: D01 | G5: A04 | H5: D01 | I5: A04 | J5: D01 | K5: A04 | L5: _Tube Strip 3x1 | M5: Ixodes scapularis | N5: GRCm38.p6 | P5: {=IFERROR(INDEX(SampleSubmission!$F$10:$F$1000, MATCH(0, COUNTIF(Index!$P$1:P4,SampleSubmission!$F$10:$F$1000&"") + IF(SampleSubmission!$F$10:$F$1000="",1,0), 0)), "")} | Q5: WGBS | R5: PACBIO_SMRT | T5: DNBSEQ-G400 | U5: _10x_Genomics-Dual_Index_Kit_TS_Set_A | W5: SI_NN7_A04-SI_NN5_A04 | X5: SI_NT7_A04-SI_NT5_A04 | Y5: SI_TN7_A04-SI_TN5_A04 | Z5: SI_TS7_A04-SI_TS5_A04 | AA5: SI_TT7_A04-SI_TT5_A04 | AB5: SI-NA-D1 | AC5: SI-GA-A4 | AD5: HaloPlex_Blue_D01 | AE5: SSXTHS704 | AF5: SSXTHSV27004-SSXTHSV25004 | AG5: SSXTLI7004 | AH5: SSXT701D | AI5: BD_R4-BD_F1 | AJ5: ModC704-ModC504 | AK5: BROAD_sgRNA_A04 | AL5: BRD701-BRD504 | AM5: Diag_Set1_UDI_04_i7-Diag_Set1_UDI_04_i5 | AN5: DT_Set1_UDI_PrimerPair4_i7-DT_Set1_UDI_PrimerPair4_i5 | AO5: DT_CD_i7_Primer1-DT_CD_i5_Primer4 | AP5: CUTANA_i701-CUTANA_i504 | AQ5: GenDx004_I702-I505 | AR5: DSP70580-DSP50580 | AS5: HIVE_V1_i7_A-04_HIVE_V1_i5 | AT5: HIVE_V2_i7_D01-HIVE_V2_i5_D01 | AU5: UDP70004-UDP50004 | AV5: UDP70004-UDP50004 | AW5: UDP70004-UDP50004 | AX5: UDI70004-UDI50004 | AY5: UDI70004-UDI50004 | AZ5: H701-H504 | BA5: N701-E504 | BB5: N701-N504 | BC5: N701-S504 | BD5: D701-D504 | BE5: Index_4 | BF5: RPI4 | BG5: A701-A504 | BH5: IDTN7004-IDTN5004 | BI5: IDT_10nt_UDI_i7_004-IDT_10nt_UDI_i5_004 | BJ5: IDT704-IDT504 | BK5: IDTU704-IDTU504 | BL5: IDTU7004-IDTU5004 | BM5: IDTMU704-IDTMU504 | BN5: 04A_Methylv2_TS_UDI_UMI_IDT8nt_i7_04-Methylv2_TS_UDI_UMI_IDT8nt_i5_04 | BO5: NS_Adaptor_5 | BP5: MGI04_D01_Barcode_4 | BQ5: MGI_Barcode1_UDB_004-MGI_Barcode2_UDB_004 | BR5: SI-MGIPool-C03.8plex | BS5: mloop_i7_04-mloop_i5_04 | BT5: NEBNextDi701-NEBNextDi504 | BU5: NEBEM7_D1-NEBEM5_D1 | BV5: NEBEM704-NEBEM504 | BW5: NEBNextSI7Set1_S04 | BX5: NEBNXT_P04 | BY5: NEBNextUDI7_D01-NEBNextUDI5_D01 | BZ5: NEBNextUDI7Set2_D01-NEBNextUDI5Set2_D01 | CA5: NEBNextUDI7Set3_D01-NEBNextUDI5Set3_D01 | CB5: NEBNextUDI7Set4_D01-NEBNextUDI5Set4_D01 | CC5: OMIXA004 | CD5: BC04 | CE5: PBio_sub4 | CF5: PBio_WT4_D1_i7-PBio_WT4_D1_i5 | CG5: BioO_NextFlexChIPSeq_04 | CH5: BioOHT_4 | CI5: BioO_smRNA_05 | CJ5: i7RUDI_004-i5RUDI_004 | CK5: QIAUDI7004-QIAUDI5004 | CL5: QIASeq_miRNA_MIHT04 | CM5: QIAmiRNA_IDP04 | CN5: i7QDIY004-i5QDIY004 | CO5: KAPA_UDI04_D01_i7-KAPA_UDI04_D01_i5 | CP5: SBX_X101-SBX_X089 | CQ5: SU7004-SU5004 | CR5: U004_i7-U004_i5 | CS5: OvationSolo_RNASeq_BC004 | CT5: TwinSDP704-TwinSDP504 | CU5: Twist_UDI_04_i7-Twist_UDI_04_i5 | CV5: Twist_UDI_plateA_D01_i7-Twist_UDI_plateA_D01_i5 | CW5: T504 | CX5: B701-B504 | CY5: D701rc-D504 | CZ5: Ad2.4 | DA5: v2_Ad2.4-v2_Ad1.4 | DB5: DAIcrisper_R04 | DC5: SA701-SA504
A6: BLOOD | B6: CELLS | C6: Tube Strip 3x1 | D6: E01 | E6: A05 | F6: E01 | G6: A05 | H6: E01 | I6: A05 | J6: E01 | K6: A05 | L6: A01 | M6: Canis lupus familiaris | N6: ASM985889v3 | P6: {=IFERROR(INDEX(SampleSubmission!$F$10:$F$1000, MATCH(0, COUNTIF(Index!$P$1:P5,SampleSubmission!$F$10:$F$1000&"") + IF(SampleSubmission!$F$10:$F$1000="",1,0), 0)), "")} | Q6: 16S | T6: DNBSEQ-T7 | U6: _10x_Genomics-Dual_Index_Kit_TT_Set_A | W6: SI_NN7_A05-SI_NN5_A05 | X6: SI_NT7_A05-SI_NT5_A05 | Y6: SI_TN7_A05-SI_TN5_A05 | Z6: SI_TS7_A05-SI_TS5_A05 | AA6: SI_TT7_A05-SI_TT5_A05 | AB6: SI-NA-E1 | AC6: SI-GA-A5 | AD6: HaloPlex_Blue_E01 | AE6: SSXTHS705 | AF6: SSXTHSV27005-SSXTHSV25005 | AG6: SSXTLI7005 | AH6: SSXT701E | AJ6: ModC705-ModC505 | AK6: BROAD_sgRNA_A05 | AL6: BRD701-BRD505 | AM6: Diag_Set1_UDI_05_i7-Diag_Set1_UDI_05_i5 | AN6: DT_Set1_UDI_PrimerPair5_i7-DT_Set1_UDI_PrimerPair5_i5 | AO6: DT_CD_i7_Primer2-DT_CD_i5_Primer1 | AP6: CUTANA_i701-CUTANA_i505 | AQ6: GenDx005_I703-I509 | AR6: DSP70581-DSP50581 | AS6: HIVE_V1_i7_A-05_HIVE_V1_i5 | AT6: HIVE_V2_i7_E01-HIVE_V2_i5_E01 | AU6: UDP70005-UDP50005 | AV6: UDP70005-UDP50005 | AW6: UDP70005V3-UDP50005V3 | AX6: UDI70005-UDI50005 | AY6: UDI70005-UDI50005 | AZ6: H701-H505 | BA6: N701-E505 | BB6: N701-N505 | BC6: N701-S505 | BD6: D701-D505 | BE6: Index_5 | BF6: RPI5 | BG6: A701-A505 | BH6: IDTN7005-IDTN5005 | BI6: IDT_10nt_UDI_i7_005-IDT_10nt_UDI_i5_005 | BJ6: IDT705-IDT505 | BK6: IDTU705-IDTU505 | BL6: IDTU7005-IDTU5005 | BM6: IDTMU705-IDTMU505 | BN6: 05A_Methylv2_TS_UDI_UMI_IDT8nt_i7_05-Methylv2_TS_UDI_UMI_IDT8nt_i5_05 | BO6: NS_Adaptor_6 | BP6: MGI05_E01_Barcode_13 | BQ6: MGI_Barcode1_UDB_005-MGI_Barcode2_UDB_005 | BR6: SI-MGIPool-C04.8plex | BS6: mloop_i7_05-mloop_i5_05 | BT6: NEBNextDi701-NEBNextDi505 | BU6: NEBEM7_E1-NEBEM5_E1 | BV6: NEBEM705-NEBEM505 | BW6: NEBNextSI7Set1_S05 | BX6: NEBNXT_P05 | BY6: NEBNextUDI7_E01-NEBNextUDI5_E01 | BZ6: NEBNextUDI7Set2_E01-NEBNextUDI5Set2_E01 | CA6: NEBNextUDI7Set3_E01-NEBNextUDI5Set3_E01 | CB6: NEBNextUDI7Set4_E01-NEBNextUDI5Set4_E01 | CC6: OMIXA005 | CD6: BC05 | CE6: PBio_sub5 | CF6: PBio_WT5_E1_i7-PBio_WT5_E1_i5 | CG6: BioO_NextFlexChIPSeq_05 | CH6: BioOHT_5 | CI6: BioO_smRNA_09 | CJ6: i7RUDI_005-i5RUDI_005 | CK6: QIAUDI7005-QIAUDI5005 | CL6: QIASeq_miRNA_MIHT05 | CM6: QIAmiRNA_IDP05 | CN6: i7QDIY005-i5QDIY005 | CO6: KAPA_UDI05_E01_i7-KAPA_UDI05_E01_i5 | CP6: SBX_X101-SBX_X021 | CQ6: SU7005-SU5005 | CR6: U005_i7-U005_i5 | CS6: OvationSolo_RNASeq_BC005 | CT6: TwinSDP705-TwinSDP505 | CU6: Twist_UDI_05_i7-Twist_UDI_05_i5 | CV6: Twist_UDI_plateA_E01_i7-Twist_UDI_plateA_E01_i5 | CW6: T505 | CX6: B701-B505 | CY6: D701rc-D505 | CZ6: Ad2.5 | DA6: v2_Ad2.5-v2_Ad1.5 | DB6: DAIcrisper_R05 | DC6: SA701-SA505
A7: BUFFY COAT | B7: EXPECTORATION | C7: Tube Strip 4x1 | D7: F01 | E7: A06 | F7: F01 | G7: A06 | H7: F01 | I7: A06 | J7: F01 | K7: A06 | L7: B01 | M7: Escherichia coli | N7: ASM886v2 | O7: Sample Type | P7: {=IFERROR(INDEX(SampleSubmission!$F$10:$F$1000, MATCH(0, COUNTIF(Index!$P$1:P6,SampleSubmission!$F$10:$F$1000&"") + IF(SampleSubmission!$F$10:$F$1000="",1,0), 0)), "")} | Q7: 18S | U7: _10x_Genomics-Single_Index_Kit_N_SI-NA_Set_A | W7: SI_NN7_A06-SI_NN5_A06 | X7: SI_NT7_A06-SI_NT5_A06 | Y7: SI_TN7_A06-SI_TN5_A06 | Z7: SI_TS7_A06-SI_TS5_A06 | AA7: SI_TT7_A06-SI_TT5_A06 | AB7: SI-NA-F1 | AC7: SI-GA-A6 | AD7: HaloPlex_Blue_F01 | AE7: SSXTHS706 | AF7: SSXTHSV27006-SSXTHSV25006 | AG7: SSXTLI7006 | AH7: SSXT701F | AJ7: ModC706-ModC506 | AK7: BROAD_sgRNA_A06 | AL7: BRD701-BRD506 | AM7: Diag_Set1_UDI_06_i7-Diag_Set1_UDI_06_i5 | AN7: DT_Set1_UDI_PrimerPair6_i7-DT_Set1_UDI_PrimerPair6_i5 | AO7: DT_CD_i7_Primer2-DT_CD_i5_Primer2 | AP7: CUTANA_i701-CUTANA_i506 | AQ7: GenDx006_I704-I509 | AR7: DSP70582-DSP50582 | AS7: HIVE_V1_i7_A-06_HIVE_V1_i5 | AT7: HIVE_V2_i7_F01-HIVE_V2_i5_F01 | AU7: UDP70006-UDP50006 | AV7: UDP70006-UDP50006 | AW7: UDP70006-UDP50006 | AX7: UDI70006-UDI50006 | AY7: UDI70006-UDI50006 | AZ7: H701-H506 | BA7: N701-E506 | BB7: N701-N506 | BC7: N701-S506 | BD7: D701-D506 | BE7: Index_6 | BF7: RPI6 | BG7: A701-A506 | BH7: IDTN7006-IDTN5006 | BI7: IDT_10nt_UDI_i7_006-IDT_10nt_UDI_i5_006 | BJ7: IDT706-IDT506 | BK7: IDTU706-IDTU506 | BL7: IDTU7006-IDTU5006 | BM7: IDTMU706-IDTMU506 | BN7: 06A_Methylv2_TS_UDI_UMI_IDT8nt_i7_06-Methylv2_TS_UDI_UMI_IDT8nt_i5_06 | BO7: NS_Adaptor_7 | BP7: MGI06_F01_Barcode_14 | BQ7: MGI_Barcode1_UDB_006-MGI_Barcode2_UDB_006 | BR7: SI-MGIPool-C05.8plex | BS7: mloop_i7_06-mloop_i5_06 | BT7: NEBNextDi701-NEBNextDi506 | BU7: NEBEM7_F1-NEBEM5_F1 | BV7: NEBEM706-NEBEM506 | BW7: NEBNextSI7Set1_S06 | BX7: NEBNXT_P06 | BY7: NEBNextUDI7_F01-NEBNextUDI5_F01 | BZ7: NEBNextUDI7Set2_F01-NEBNextUDI5Set2_F01 | CA7: NEBNextUDI7Set3_F01-NEBNextUDI5Set3_F01 | CB7: NEBNextUDI7Set4_F01-NEBNextUDI5Set4_F01 | CC7: OMIXA006 | CD7: BC06 | CE7: PBio_sub6 | CF7: PBio_WT6_F1_i7-PBio_WT6_F1_i5 | CG7: BioO_NextFlexChIPSeq_06 | CH7: BioOHT_6 | CI7: BioO_smRNA_10 | CJ7: i7RUDI_006-i5RUDI_006 | CK7: QIAUDI7006-QIAUDI5006 | CL7: QIASeq_miRNA_MIHT06 | CM7: QIAmiRNA_IDP06 | CN7: i7QDIY006-i5QDIY006 | CO7: KAPA_UDI06_F01_i7-KAPA_UDI06_F01_i5 | CP7: SBX_X101-SBX_X024 | CQ7: SU7006-SU5006 | CR7: U006_i7-U006_i5 | CS7: OvationSolo_RNASeq_BC006 | CT7: TwinSDP706-TwinSDP506 | CU7: Twist_UDI_06_i7-Twist_UDI_06_i5 | CV7: Twist_UDI_plateA_F01_i7-Twist_UDI_plateA_F01_i5 | CW7: T506 | CX7: B701-B506 | CY7: D701rc-D506 | CZ7: Ad2.6 | DA7: v2_Ad2.6-v2_Ad1.6 | DB7: DAIcrisper_R06 | DC7: SA701-SA506
A8: CELLS | B8: GARGLE | C8: Tube Strip 5x1 | D8: G01 | E8: A07 | F8: G01 | G8: A07 | H8: G01 | I8: A07 | J8: G01 | K8: A07 | L8: C01 | M8: Leishmania donovani | N8: ASM584v2 | O8: Sample | P8: {=IFERROR(INDEX(SampleSubmission!$F$10:$F$1000, MATCH(0, COUNTIF(Index!$P$1:P7,SampleSubmission!$F$10:$F$1000&"") + IF(SampleSubmission!$F$10:$F$1000="",1,0), 0)), "")} | Q8: miRNA | U8: _10x_Genomics-Single_Index_Kit_T_SI-GA_Set_A | W8: SI_NN7_A07-SI_NN5_A07 | X8: SI_NT7_A07-SI_NT5_A07 | Y8: SI_TN7_A07-SI_TN5_A07 | Z8: SI_TS7_A07-SI_TS5_A07 | AA8: SI_TT7_A07-SI_TT5_A07 | AB8: SI-NA-G1 | AC8: SI-GA-A7 | AD8: HaloPlex_Blue_G01 | AE8: SSXTHS707 | AF8: SSXTHSV27007-SSXTHSV25007 | AG8: SSXTLI7007 | AH8: SSXT701G | AJ8: ModC707-ModC507 | AK8: BROAD_sgRNA_A07 | AL8: BRD701-BRD507 | AM8: Diag_Set1_UDI_07_i7-Diag_Set1_UDI_07_i5 | AN8: DT_Set1_UDI_PrimerPair7_i7-DT_Set1_UDI_PrimerPair7_i5 | AO8: DT_CD_i7_Primer2-DT_CD_i5_Primer3 | AP8: CUTANA_i701-CUTANA_i507 | AQ8: GenDx007_I703-I513 | AR8: DSP70583-DSP50583 | AS8: HIVE_V1_i7_A-07_HIVE_V1_i5 | AT8: HIVE_V2_i7_G01-HIVE_V2_i5_G01 | AU8: UDP70007-UDP50007 | AV8: UDP70007-UDP50007 | AW8: UDP70007-UDP50007 | AX8: UDI70007-UDI50007 | AY8: UDI70007-UDI50007 | AZ8: H701-H507 | BA8: N701-E507 | BB8: N701-N507 | BC8: N701-S507 | BD8: D701-D507 | BE8: Index_7 | BF8: RPI7 | BG8: A701-A507 | BH8: IDTN7007-IDTN5007 | BI8: IDT_10nt_UDI_i7_007-IDT_10nt_UDI_i5_007 | BJ8: IDT707-IDT507 | BK8: IDTU707-IDTU507 | BL8: IDTU7007-IDTU5007 | BM8: IDTMU707-IDTMU507 | BN8: 07A_Methylv2_TS_UDI_UMI_IDT8nt_i7_07-Methylv2_TS_UDI_UMI_IDT8nt_i5_07 | BO8: NS_Adaptor_8 | BP8: MGI07_G01_Barcode_15 | BQ8: MGI_Barcode1_UDB_007-MGI_Barcode2_UDB_007 | BR8: SI-MGIPool-C06.8plex | BS8: mloop_i7_07-mloop_i5_07 | BT8: NEBNextDi701-NEBNextDi507 | BU8: NEBEM7_G1-NEBEM5_G1 | BV8: NEBEM707-NEBEM507 | BW8: NEBNextSI7Set1_S07 | BX8: NEBNXT_P07 | BY8: NEBNextUDI7_G01-NEBNextUDI5_G01 | BZ8: NEBNextUDI7Set2_G01-NEBNextUDI5Set2_G01 | CA8: NEBNextUDI7Set3_G01-NEBNextUDI5Set3_G01 | CB8: NEBNextUDI7Set4_G01-NEBNextUDI5Set4_G01 | CC8: OMIXA007 | CD8: BC07 | CE8: PBio_sub7 | CF8: PBio_WT7_G1_i7-PBio_WT7_G1_i5 | CG8: BioO_NextFlexChIPSeq_07 | CH8: BioOHT_7 | CI8: BioO_smRNA_12 | CJ8: i7RUDI_007-i5RUDI_007 | CK8: QIAUDI7007-QIAUDI5007 | CL8: QIASeq_miRNA_MIHT07 | CM8: QIAmiRNA_IDP07 | CN8: i7QDIY007-i5QDIY007 | CO8: KAPA_UDI07_G01_i7-KAPA_UDI07_G01_i5 | CP8: SBX_X101-SBX_X038 | CQ8: SU7007-SU5007 | CR8: U007_i7-U007_i5 | CS8: OvationSolo_RNASeq_BC007 | CT8: TwinSDP707-TwinSDP507 | CU8: Twist_UDI_07_i7-Twist_UDI_07_i5 | CV8: Twist_UDI_plateA_G01_i7-Twist_UDI_plateA_G01_i5 | CW8: T507 | CX8: B701-B507 | CY8: D701rc-D507 | CZ8: Ad2.7 | DA8: v2_Ad2.7-v2_Ad1.7 | DB8: DAIcrisper_R07 | DC8: SA701-SA507
A9: EXPECTORATION | B9: PLASMA | C9: Tube Strip 6x1 | D9: H01 | E9: A08 | F9: H01 | G9: A08 | H9: H01 | I9: A08 | J9: H01 | K9: A08 | M9: Borreliella burgdorferi | N9: ROS_Cfam_1.0 | O9: Library | P9: {=IFERROR(INDEX(SampleSubmission!$F$10:$F$1000, MATCH(0, COUNTIF(Index!$P$1:P8,SampleSubmission!$F$10:$F$1000&"") + IF(SampleSubmission!$F$10:$F$1000="",1,0), 0)), "")} | Q9: HiC | U9: Agilent-HaloPlex_HS_Target_Enrichment_blue_orange_yellow_clear_color_plates | W9: SI_NN7_A08-SI_NN5_A08 | X9: SI_NT7_A08-SI_NT5_A08 | Y9: SI_TN7_A08-SI_TN5_A08 | Z9: SI_TS7_A08-SI_TS5_A08 | AA9: SI_TT7_A08-SI_TT5_A08 | AB9: SI-NA-H1 | AC9: SI-GA-A8 | AD9: HaloPlex_Blue_H01 | AE9: SSXTHS708 | AF9: SSXTHSV27008-SSXTHSV25008 | AG9: SSXTLI7008 | AH9: SSXT701H | AJ9: ModC708-ModC508 | AK9: BROAD_sgRNA_A08 | AL9: BRD701-BRD508 | AM9: Diag_Set1_UDI_08_i7-Diag_Set1_UDI_08_i5 | AN9: DT_Set1_UDI_PrimerPair8_i7-DT_Set1_UDI_PrimerPair8_i5 | AO9: DT_CD_i7_Primer2-DT_CD_i5_Primer4 | AP9: CUTANA_i701-CUTANA_i508 | AQ9: GenDx008_I704-I513 | AR9: DSP70584-DSP50584 | AS9: HIVE_V1_i7_A-08_HIVE_V1_i5 | AT9: HIVE_V2_i7_H01-HIVE_V2_i5_H01 | AU9: UDP70008-UDP50008 | AV9: UDP70008-UDP50008 | AW9: UDP70008-UDP50008 | AX9: UDI70008-UDI50008 | AY9: UDI70008-UDI50008 | AZ9: H701-H508 | BA9: N701-E508 | BB9: N701-N508 | BC9: N701-S508 | BD9: D701-D508 | BE9: Index_8 | BF9: RPI8 | BG9: A701-A508 | BH9: IDTN7008-IDTN5008 | BI9: IDT_10nt_UDI_i7_008-IDT_10nt_UDI_i5_008 | BJ9: IDT708-IDT508 | BK9: IDTU708-IDTU508 | BL9: IDTU7008-IDTU5008 | BM9: IDTMU708-IDTMU508 | BN9: 08A_Methylv2_TS_UDI_UMI_IDT8nt_i7_08-Methylv2_TS_UDI_UMI_IDT8nt_i5_08 | BO9: NS_Adaptor_9 | BP9: MGI08_H01_Barcode_16 | BQ9: MGI_Barcode1_UDB_008-MGI_Barcode2_UDB_008 | BR9: SI-MGIPool-C07.8plex | BS9: mloop_i7_08-mloop_i5_08 | BT9: NEBNextDi701-NEBNextDi508 | BU9: NEBEM7_H1-NEBEM5_H1 | BV9: NEBEM708-NEBEM508 | BW9: NEBNextSI7Set1_S08 | BX9: NEBNXT_P08 | BY9: NEBNextUDI7_H01-NEBNextUDI5_H01 | BZ9: NEBNextUDI7Set2_H01-NEBNextUDI5Set2_H01 | CA9: NEBNextUDI7Set3_H01-NEBNextUDI5Set3_H01 | CB9: NEBNextUDI7Set4_H01-NEBNextUDI5Set4_H01 | CC9: OMIXA008 | CD9: BC08 | CE9: PBio_sub8 | CF9: PBio_WT8_H1_i7-PBio_WT8_H1_i5 | CG9: BioO_NextFlexChIPSeq_08 | CH9: BioOHT_8 | CI9: BioO_smRNA_19 | CJ9: i7RUDI_008-i5RUDI_008 | CK9: QIAUDI7008-QIAUDI5008 | CL9: QIASeq_miRNA_MIHT08 | CM9: QIAmiRNA_IDP08 | CN9: i7QDIY008-i5QDIY008 | CO9: KAPA_UDI08_H01_i7-KAPA_UDI08_H01_i5 | CP9: SBX_X101-SBX_X044 | CQ9: SU7008-SU5008 | CR9: U008_i7-U008_i5 | CS9: OvationSolo_RNASeq_BC008 | CT9: TwinSDP708-TwinSDP508 | CU9: Twist_UDI_08_i7-Twist_UDI_08_i5 | CV9: Twist_UDI_plateA_H01_i7-Twist_UDI_plateA_H01_i5 | CW9: T508 | CX9: B701-B508 | CY9: D701rc-D508 | CZ9: Ad2.8 | DA9: v2_Ad2.8-v2_Ad1.8 | DB9: DAIcrisper_R08 | DC9: SA701-SA508
A10: GARGLE | B10: SALIVA | C10: Tube Strip 7x1 | D10: A02 | E10: A09 | F10: I01 | G10: A09 | H10: I01 | I10: A09 | J10: I01 | K10: A09 | L10: _Tube Strip 4x1 | M10: Influenza A virus | O10: Library in pool | P10: {=IFERROR(INDEX(SampleSubmission!$F$10:$F$1000, MATCH(0, COUNTIF(Index!$P$1:P9,SampleSubmission!$F$10:$F$1000&"") + IF(SampleSubmission!$F$10:$F$1000="",1,0), 0)), "")} | Q10: ChIPmentation | U10: Agilent-SureSelect_XT_HS_high-sensitivity | W10: SI_NN7_A09-SI_NN5_A09 | X10: SI_NT7_A09-SI_NT5_A09 | Y10: SI_TN7_A09-SI_TN5_A09 | Z10: SI_TS7_A09-SI_TS5_A09 | AA10: SI_TT7_A09-SI_TT5_A09 | AB10: SI-NA-A2 | AC10: SI-GA-A9 | AD10: HaloPlex_Blue_A02 | AE10: SSXTHS709 | AF10: SSXTHSV27009-SSXTHSV25009 | AG10: SSXTLI7009 | AH10: SSXT702A | AJ10: ModC709-ModC509 | AK10: BROAD_sgRNA_A09 | AL10: BRD701-BRD509 | AM10: Diag_Set1_UDI_09_i7-Diag_Set1_UDI_09_i5 | AO10: DT_CD_i7_Primer3-DT_CD_i5_Primer1 | AP10: CUTANA_i702-CUTANA_i501 | AQ10: GenDx009_I703-I501 | AR10: DSP70585-DSP50585 | AS10: HIVE_V1_i7_A-09_HIVE_V1_i5 | AT10: HIVE_V2_i7_A02-HIVE_V2_i5_A02 | AU10: UDP70009-UDP50009 | AV10: UDP70009-UDP50009 | AW10: UDP70009-UDP50009 | AX10: UDI70009-UDI50009 | AY10: UDI70009-UDI50009 | AZ10: H701-H510 | BA10: N701-E510 | BB10: N701-N510 | BC10: N701-S510 | BD10: D702-D501 | BE10: Index_9 | BF10: RPI9 | BG10: A702-A501 | BH10: IDTN7009-IDTN5009 | BI10: IDT_10nt_UDI_i7_009-IDT_10nt_UDI_i5_009 | BJ10: IDT709-IDT509 | BK10: IDTU709-IDTU509 | BL10: IDTU7009-IDTU5009 | BM10: IDTMU709-IDTMU509 | BN10: 09A_Methylv2_TS_UDI_UMI_IDT8nt_i7_09-Methylv2_TS_UDI_UMI_IDT8nt_i5_09 | BO10: NS_Adaptor_2 | BP10: MGI09_A02_Barcode_41 | BQ10: MGI_Barcode1_UDB_009-MGI_Barcode2_UDB_009 | BR10: SI-MGIPool-C08.8plex | BS10: mloop_i7_09-mloop_i5_09 | BT10: NEBNextDi701-NEBNextDi509 | BU10: NEBEM7_A2-NEBEM5_A2 | BV10: NEBEM709-NEBEM509 | BW10: NEBNextSI7Set1_S09 | BX10: NEBNXT_P09 | BY10: NEBNextUDI7_A02-NEBNextUDI5_A02 | BZ10: NEBNextUDI7Set2_A02-NEBNextUDI5Set2_A02 | CA10: NEBNextUDI7Set3_A02-NEBNextUDI5Set3_A02 | CB10: NEBNextUDI7Set4_A02-NEBNextUDI5Set4_A02 | CC10: OMIXA009 | CD10: BC09 | CE10: PBio_sub9 | CF10: PBio_WT9_A2_i7-PBio_WT9_A2_i5 | CG10: BioO_NextFlexChIPSeq_09 | CH10: BioOHT_9 | CJ10: i7RUDI_009-i5RUDI_009 | CK10: QIAUDI7009-QIAUDI5009 | CL10: QIASeq_miRNA_MIHT09 | CM10: QIAmiRNA_IDP09 | CN10: i7QDIY009-i5QDIY009 | CO10: KAPA_UDI09_A02_i7-KAPA_UDI09_A02_i5 | CP10: SBX_X101-SBX_X048 | CQ10: SU7009-SU5009 | CR10: U009_i7-U009_i5 | CS10: OvationSolo_RNASeq_BC009 | CT10: TwinSDP709-TwinSDP509 | CU10: Twist_UDI_09_i7-Twist_UDI_09_i5 | CV10: Twist_UDI_plateA_A02_i7-Twist_UDI_plateA_A02_i5 | CW10: T509 | CX10: B701-B509 | CY10: D702rc-D501 | CZ10: Ad2.9 | DA10: v2_Ad2.9-v2_Ad1.9 | DB10: DAIcrisper_R09 | DC10: SA702-SA501
A11: PLASMA | B11: SERUM | C11: Tube Strip 8x1 | D11: B02 | E11: A10 | F11: J01 | G11: A10 | H11: A02 | I11: B01 | J11: J01 | K11: A10 | L11: A01 | M11: Influenza B virus | P11: {=IFERROR(INDEX(SampleSubmission!$F$10:$F$1000, MATCH(0, COUNTIF(Index!$P$1:P10,SampleSubmission!$F$10:$F$1000&"") + IF(SampleSubmission!$F$10:$F$1000="",1,0), 0)), "")} | Q11: ATACSeq | U11: Agilent-SureSelect_XT_HS_high-sensitivity_v2_3_digit | W11: SI_NN7_A10-SI_NN5_A10 | X11: SI_NT7_A10-SI_NT5_A10 | Y11: SI_TN7_A10-SI_TN5_A10 | Z11: SI_TS7_A10-SI_TS5_A10 | AA11: SI_TT7_A10-SI_TT5_A10 | AB11: SI-NA-B2 | AC11: SI-GA-A10 | AD11: HaloPlex_Blue_B02 | AE11: SSXTHS710 | AF11: SSXTHSV27010-SSXTHSV25010 | AG11: SSXTLI7010 | AH11: SSXT702B | AJ11: ModC710-ModC510 | AK11: BROAD_sgRNA_A10 | AL11: BRD701-BRD510 | AM11: Diag_Set1_UDI_10_i7-Diag_Set1_UDI_10_i5 | AO11: DT_CD_i7_Primer3-DT_CD_i5_Primer2 | AP11: CUTANA_i702-CUTANA_i502 | AQ11: GenDx010_I704-I501 | AR11: DSP70586-DSP50586 | AS11: HIVE_V1_i7_A-10_HIVE_V1_i5 | AT11: HIVE_V2_i7_B02-HIVE_V2_i5_B02 | AU11: UDP70010-UDP50010 | AV11: UDP70010-UDP50010 | AW11: UDP70010-UDP50010 | AX11: UDI70010-UDI50010 | AY11: UDI70010-UDI50010 | AZ11: H701-H511 | BA11: N701-E511 | BB11: N701-N511 | BC11: N701-S511 | BD11: D702-D502 | BE11: Index_10 | BF11: RPI10 | BG11: A702-A502 | BH11: IDTN7010-IDTN5010 | BI11: IDT_10nt_UDI_i7_010-IDT_10nt_UDI_i5_010 | BJ11: IDT710-IDT510 | BK11: IDTU710-IDTU510 | BL11: IDTU7010-IDTU5010 | BM11: IDTMU710-IDTMU510 | BN11: 10A_Methylv2_TS_UDI_UMI_IDT8nt_i7_10-Methylv2_TS_UDI_UMI_IDT8nt_i5_10 | BO11: NS_Adaptor_10 | BP11: MGI10_B02_Barcode_42 | BQ11: MGI_Barcode1_UDB_010-MGI_Barcode2_UDB_010 | BR11: SI-MGIPool-C09.8plex | BS11: mloop_i7_10-mloop_i5_10 | BT11: NEBNextDi701-NEBNextDi510 | BU11: NEBEM7_B2-NEBEM5_B2 | BV11: NEBEM710-NEBEM510 | BW11: NEBNextSI7Set1_S10 | BX11: NEBNXT_P10 | BY11: NEBNextUDI7_B02-NEBNextUDI5_B02 | BZ11: NEBNextUDI7Set2_B02-NEBNextUDI5Set2_B02 | CA11: NEBNextUDI7Set3_B02-NEBNextUDI5Set3_B02 | CB11: NEBNextUDI7Set4_B02-NEBNextUDI5Set4_B02 | CC11: OMIXA010 | CD11: BC10 | CE11: PBio_sub10 | CF11: PBio_WT10_B2_i7-PBio_WT10_B2_i5 | CG11: BioO_NextFlexChIPSeq_10 | CH11: BioOHT_10 | CJ11: i7RUDI_010-i5RUDI_010 | CK11: QIAUDI7010-QIAUDI5010 | CL11: QIASeq_miRNA_MIHT10 | CM11: QIAmiRNA_IDP10 | CN11: i7QDIY010-i5QDIY010 | CO11: KAPA_UDI10_B02_i7-KAPA_UDI10_B02_i5 | CP11: SBX_X101-SBX_X055 | CQ11: SU7010-SU5010 | CR11: U010_i7-U010_i5 | CS11: OvationSolo_RNASeq_BC010 | CT11: TwinSDP710-TwinSDP510 | CU11: Twist_UDI_10_i7-Twist_UDI_10_i5 | CV11: Twist_UDI_plateA_B02_i7-Twist_UDI_plateA_B02_i5 | CW11: T510 | CX11: B701-B510 | CY11: D702rc-D502 | CZ11: Ad2.10 | DA11: v2_Ad2.10-v2_Ad1.10 | DB11: DAIcrisper_R10 | DC11: SA702-SA502
A12: SALIVA | B12: STOOL | D12: C02 | E12: A11 | F12: K01 | G12: A11 | H12: B02 | I12: B02 | J12: A02 | K12: B01 | L12: B01 | M12: Respiratory syncytial virus | P12: {=IFERROR(INDEX(SampleSubmission!$F$10:$F$1000, MATCH(0, COUNTIF(Index!$P$1:P11,SampleSubmission!$F$10:$F$1000&"") + IF(SampleSubmission!$F$10:$F$1000="",1,0), 0)), "")} | Q12: GeoMx_RNA | U12: Agilent-SureSelect_XT_LI_low-input | W12: SI_NN7_A11-SI_NN5_A11 | X12: SI_NT7_A11-SI_NT5_A11 | Y12: SI_TN7_A11-SI_TN5_A11 | Z12: SI_TS7_A11-SI_TS5_A11 | AA12: SI_TT7_A11-SI_TT5_A11 | AB12: SI-NA-C2 | AC12: SI-GA-A11 | AD12: HaloPlex_Blue_C02 | AE12: SSXTHS711 | AF12: SSXTHSV27011-SSXTHSV25011 | AG12: SSXTLI7011 | AH12: SSXT702C | AJ12: ModC711-ModC511 | AK12: BROAD_sgRNA_A11 | AL12: BRD701-BRD511 | AM12: Diag_Set1_UDI_11_i7-Diag_Set1_UDI_11_i5 | AO12: DT_CD_i7_Primer3-DT_CD_i5_Primer3 | AP12: CUTANA_i702-CUTANA_i503 | AQ12: GenDx011_I703-I505 | AR12: DSP70587-DSP50587 | AS12: HIVE_V1_i7_A-11_HIVE_V1_i5 | AT12: HIVE_V2_i7_C02-HIVE_V2_i5_C02 | AU12: UDP70011-UDP50011 | AV12: UDP70011-UDP50011 | AW12: UDP70011-UDP50011 | AX12: UDI70011-UDI50011 | AY12: UDI70011-UDI50011 | AZ12: H701-H513 | BA12: N701-E513 | BB12: N701-N513 | BC12: N701-S513 | BD12: D702-D503 | BE12: Index_11 | BF12: RPI11 | BG12: A702-A503 | BH12: IDTN7011-IDTN5011 | BI12: IDT_10nt_UDI_i7_011-IDT_10nt_UDI_i5_011 | BJ12: IDT711-IDT511 | BK12: IDTU711-IDTU511 | BL12: IDTU7011-IDTU5011 | BM12: IDTMU711-IDTMU511 | BN12: 11A_Methylv2_TS_UDI_UMI_IDT8nt_i7_11-Methylv2_TS_UDI_UMI_IDT8nt_i5_11 | BO12: NS_Adaptor_11 | BP12: MGI11_C02_Barcode_43 | BQ12: MGI_Barcode1_UDB_011-MGI_Barcode2_UDB_011 | BR12: SI-MGIPool-C10-11-12.24plex | BS12: mloop_i7_11-mloop_i5_11 | BT12: NEBNextDi701-NEBNextDi511 | BU12: NEBEM7_C2-NEBEM5_C2 | BV12: NEBEM711-NEBEM511 | BW12: NEBNextSI7Set1_S11 | BX12: NEBNXT_P11 | BY12: NEBNextUDI7_C02-NEBNextUDI5_C02 | BZ12: NEBNextUDI7Set2_C02-NEBNextUDI5Set2_C02 | CA12: NEBNextUDI7Set3_C02-NEBNextUDI5Set3_C02 | CB12: NEBNextUDI7Set4_C02-NEBNextUDI5Set4_C02 | CC12: OMIXA011 | CD12: BC11 | CE12: PBio_sub11 | CF12: PBio_WT11_C2_i7-PBio_WT11_C2_i5 | CG12: BioO_NextFlexChIPSeq_11 | CH12: BioOHT_11 | CJ12: i7RUDI_011-i5RUDI_011 | CK12: QIAUDI7011-QIAUDI5011 | CL12: QIASeq_miRNA_MIHT11 | CM12: QIAmiRNA_IDP11 | CN12: i7QDIY011-i5QDIY011 | CO12: KAPA_UDI11_C02_i7-KAPA_UDI11_C02_i5 | CP12: SBX_X101-SBX_X056 | CQ12: SU7011-SU5011 | CR12: U011_i7-U011_i5 | CS12: OvationSolo_RNASeq_BC011 | CT12: TwinSDP711-TwinSDP511 | CU12: Twist_UDI_11_i7-Twist_UDI_11_i5 | CV12: Twist_UDI_plateA_C02_i7-Twist_UDI_plateA_C02_i5 | CW12: T511 | CX12: B701-B511 | CY12: D702rc-D503 | CZ12: Ad2.11 | DA12: v2_Ad2.11-v2_Ad1.11 | DB12: DAIcrisper_R11 | DC12: SA702-SA503
A13: SERUM | B13: SWAB | D13: D02 | E13: A12 | F13: L01 | G13: A12 | H13: C02 | I13: B03 | J13: B02 | K13: B02 | L13: C01 | M13: Pedicularis canadensis | P13: {=IFERROR(INDEX(SampleSubmission!$F$10:$F$1000, MATCH(0, COUNTIF(Index!$P$1:P12,SampleSubmission!$F$10:$F$1000&"") + IF(SampleSubmission!$F$10:$F$1000="",1,0), 0)), "")} | Q13: GeoMx_Protein | U13: Agilent-SureSelect_XT_v1 | W13: SI_NN7_A12-SI_NN5_A12 | X13: SI_NT7_A12-SI_NT5_A12 | Y13: SI_TN7_A12-SI_TN5_A12 | Z13: SI_TS7_A12-SI_TS5_A12 | AA13: SI_TT7_A12-SI_TT5_A12 | AB13: SI-NA-D2 | AC13: SI-GA-A12 | AD13: HaloPlex_Blue_D02 | AE13: SSXTHS712 | AF13: SSXTHSV27012-SSXTHSV25012 | AG13: SSXTLI7012 | AH13: SSXT702D | AJ13: ModC712-ModC512 | AK13: BROAD_sgRNA_A12 | AL13: BRD701-BRD512 | AM13: Diag_Set1_UDI_12_i7-Diag_Set1_UDI_12_i5 | AO13: DT_CD_i7_Primer3-DT_CD_i5_Primer4 | AP13: CUTANA_i702-CUTANA_i504 | AQ13: GenDx012_I704-I505 | AR13: DSP70588-DSP50588 | AS13: HIVE_V1_i7_A-12_HIVE_V1_i5 | AT13: HIVE_V2_i7_D02-HIVE_V2_i5_D02 | AU13: UDP70012-UDP50012 | AV13: UDP70012-UDP50012 | AW13: UDP70012-UDP50012 | AX13: UDI70012-UDI50012 | AY13: UDI70012-UDI50012 | AZ13: H701-H515 | BA13: N701-E515 | BB13: N701-N515 | BC13: N701-S515 | BD13: D702-D504 | BE13: Index_12 | BF13: RPI12 | BG13: A702-A504 | BH13: IDTN7012-IDTN5012 | BI13: IDT_10nt_UDI_i7_012-IDT_10nt_UDI_i5_012 | BJ13: IDT712-IDT512 | BK13: IDTU712-IDTU512 | BL13: IDTU7012-IDTU5012 | BM13: IDTMU712-IDTMU512 | BN13: 12A_Methylv2_TS_UDI_UMI_IDT8nt_i7_12-Methylv2_TS_UDI_UMI_IDT8nt_i5_12 | BO13: NS_Adaptor_12 | BP13: MGI12_D02_Barcode_44 | BQ13: MGI_Barcode1_UDB_012-MGI_Barcode2_UDB_012 | BS13: mloop_i7_12-mloop_i5_12 | BT13: NEBNextDi701-NEBNextDi512 | BU13: NEBEM7_D2-NEBEM5_D2 | BV13: NEBEM712-NEBEM512 | BW13: NEBNextSI7Set1_S12 | BX13: NEBNXT_P12 | BY13: NEBNextUDI7_D02-NEBNextUDI5_D02 | BZ13: NEBNextUDI7Set2_D02-NEBNextUDI5Set2_D02 | CA13: NEBNextUDI7Set3_D02-NEBNextUDI5Set3_D02 | CB13: NEBNextUDI7Set4_D02-NEBNextUDI5Set4_D02 | CC13: OMIXA012 | CD13: BC12 | CE13: PBio_sub12 | CF13: PBio_WT12_D2_i7-PBio_WT12_D2_i5 | CG13: BioO_NextFlexChIPSeq_12 | CH13: BioOHT_12 | CJ13: i7RUDI_012-i5RUDI_012 | CK13: QIAUDI7012-QIAUDI5012 | CL13: QIASeq_miRNA_MIHT12 | CM13: QIAmiRNA_IDP12 | CN13: i7QDIY012-i5QDIY012 | CO13: KAPA_UDI12_D02_i7-KAPA_UDI12_D02_i5 | CP13: SBX_X101-SBX_X083 | CQ13: SU7012-SU5012 | CR13: U012_i7-U012_i5 | CS13: OvationSolo_RNASeq_BC012 | CT13: TwinSDP712-TwinSDP512 | CU13: Twist_UDI_12_i7-Twist_UDI_12_i5 | CV13: Twist_UDI_plateA_D02_i7-Twist_UDI_plateA_D02_i5 | CW13: T512 | CX13: B701-B512 | CY13: D702rc-D504 | CZ13: Ad2.12 | DA13: v2_Ad2.12-v2_Ad1.12 | DB13: DAIcrisper_R12 | DC13: SA702-SA504
A14: STOOL | B14: TAIL | D14: E02 | E14: B01 | F14: M01 | G14: A13 | H14: D02 | I14: B04 | J14: C02 | K14: B03 | L14: D01 | M14: Passiflora | P14: {=IFERROR(INDEX(SampleSubmission!$F$10:$F$1000, MATCH(0, COUNTIF(Index!$P$1:P13,SampleSubmission!$F$10:$F$1000&"") + IF(SampleSubmission!$F$10:$F$1000="",1,0), 0)), "")} | Q14: 10x_Genomics_Linked_Reads_gDNA | U14: BD_biosciences-BD_Rhapsody_Whole_Transcriptome_Analysis_Kit | W14: SI_NN7_B01-SI_NN5_B01 | X14: SI_NT7_B01-SI_NT5_B01 | Y14: SI_TN7_B01-SI_TN5_B01 | Z14: SI_TS7_B01-SI_TS5_B01 | AA14: SI_TT7_B01-SI_TT5_B01 | AB14: SI-NA-E2 | AC14: SI-GA-B1 | AD14: HaloPlex_Blue_E02 | AE14: SSXTHS713 | AF14: SSXTHSV27013-SSXTHSV25013 | AG14: SSXTLI7013 | AH14: SSXT702E | AJ14: ModC713-ModC513 | AK14: BROAD_sgRNA_B01 | AL14: BRD701-BRD513 | AM14: Diag_Set1_UDI_13_i7-Diag_Set1_UDI_13_i5 | AO14: DT_CD_i7_Primer4-DT_CD_i5_Primer1 | AP14: CUTANA_i702-CUTANA_i505 | AQ14: GenDx013_I705-I509 | AR14: DSP70589-DSP50589 | AS14: HIVE_V1_i7_B-01_HIVE_V1_i5 | AT14: HIVE_V2_i7_E02-HIVE_V2_i5_E02 | AU14: UDP70013-UDP50013 | AV14: UDP70013-UDP50013 | AW14: UDP70013-UDP50013 | AX14: UDI70013-UDI50013 | AY14: UDI70013-UDI50013 | AZ14: H701-H516 | BA14: N701-E516 | BB14: N701-N516 | BC14: N701-S516 | BD14: D702-D505 | BE14: Index_13 | BF14: RPI13 | BG14: A702-A505 | BH14: IDTN7013-IDTN5013 | BI14: IDT_10nt_UDI_i7_013-IDT_10nt_UDI_i5_013 | BJ14: IDT713-IDT513 | BK14: IDTU713-IDTU513 | BL14: IDTU7013-IDTU5013 | BM14: IDTMU713-IDTMU513 | BN14: 01B_Methylv2_TS_UDI_UMI_IDT8nt_i7_13-Methylv2_TS_UDI_UMI_IDT8nt_i5_13 | BO14: NS_Adaptor_13 | BP14: MGI13_E02_Barcode_45 | BQ14: MGI_Barcode1_UDB_013-MGI_Barcode2_UDB_013 | BS14: mloop_i7_13-mloop_i5_13 | BT14: NEBNextDi701-NEBNextDi513 | BU14: NEBEM7_E2-NEBEM5_E2 | BV14: NEBEM713-NEBEM513 | BW14: NEBNextSI7Set2_S13 | BX14: NEBNXT_P13 | BY14: NEBNextUDI7_E02-NEBNextUDI5_E02 | BZ14: NEBNextUDI7Set2_E02-NEBNextUDI5Set2_E02 | CA14: NEBNextUDI7Set3_E02-NEBNextUDI5Set3_E02 | CB14: NEBNextUDI7Set4_E02-NEBNextUDI5Set4_E02 | CC14: OMIXA013 | CD14: BC13 | CE14: PBio_sub13 | CF14: PBio_WT13_E2_i7-PBio_WT13_E2_i5 | CG14: BioO_NextFlexChIPSeq_13 | CH14: BioOHT_13 | CJ14: i7RUDI_013-i5RUDI_013 | CK14: QIAUDI7013-QIAUDI5013 | CL14: QIASeq_miRNA_MIHT13 | CM14: QIAmiRNA_IDP13 | CN14: i7QDIY013-i5QDIY013 | CO14: KAPA_UDI13_E02_i7-KAPA_UDI13_E02_i5 | CP14: SBX_X102-SBX_X007 | CQ14: SU7013-SU5013 | CR14: U013_i7-U013_i5 | CS14: OvationSolo_RNASeq_BC013 | CT14: TwinSDP713-TwinSDP513 | CU14: Twist_UDI_13_i7-Twist_UDI_13_i5 | CV14: Twist_UDI_plateA_E02_i7-Twist_UDI_plateA_E02_i5 | CW14: T513 | CX14: B701-B513 | CY14: D702rc-D505 | CZ14: Ad2.13 | DA14: v2_Ad2.13-v2_Ad1.13 | DC14: SA702-SA505
A15: SWAB | B15: TISSUE | D15: F02 | E15: B02 | F15: N01 | G15: A14 | H15: E02 | I15: B05 | J15: D02 | K15: B04 | M15: Salvelinus fontinalis | O15: Adapter Type | P15: {=IFERROR(INDEX(SampleSubmission!$F$10:$F$1000, MATCH(0, COUNTIF(Index!$P$1:P14,SampleSubmission!$F$10:$F$1000&"") + IF(SampleSubmission!$F$10:$F$1000="",1,0), 0)), "")} | Q15: 10x_Genomics_SC_ATAC | R15: Selection | S15: Capture | T15: ChIP-Seq | U15: Biomodal-Duet_Multiomics_ModC_UDI_24kit | W15: SI_NN7_B02-SI_NN5_B02 | X15: SI_NT7_B02-SI_NT5_B02 | Y15: SI_TN7_B02-SI_TN5_B02 | Z15: SI_TS7_B02-SI_TS5_B02 | AA15: SI_TT7_B02-SI_TT5_B02 | AB15: SI-NA-F2 | AC15: SI-GA-B2 | AD15: HaloPlex_Blue_F02 | AE15: SSXTHS714 | AF15: SSXTHSV27014-SSXTHSV25014 | AG15: SSXTLI7014 | AH15: SSXT702F | AJ15: ModC714-ModC514 | AK15: BROAD_sgRNA_B02 | AL15: BRD701-BRD514 | AM15: Diag_Set1_UDI_14_i7-Diag_Set1_UDI_14_i5 | AO15: DT_CD_i7_Primer4-DT_CD_i5_Primer2 | AP15: CUTANA_i702-CUTANA_i506 | AQ15: GenDx014_I706-I509 | AR15: DSP70590-DSP50590 | AS15: HIVE_V1_i7_B-02_HIVE_V1_i5 | AT15: HIVE_V2_i7_F02-HIVE_V2_i5_F02 | AU15: UDP70014-UDP50014 | AV15: UDP70014-UDP50014 | AW15: UDP70014-UDP50014 | AX15: UDI70014-UDI50014 | AY15: UDI70014-UDI50014 | AZ15: H701-H517 | BA15: N701-E517 | BB15: N701-N517 | BC15: N701-S517 | BD15: D702-D506 | BE15: Index_14 | BF15: RPI14 | BG15: A702-A506 | BH15: IDTN7014-IDTN5014 | BI15: IDT_10nt_UDI_i7_014-IDT_10nt_UDI_i5_014 | BJ15: IDT714-IDT514 | BK15: IDTU714-IDTU514 | BL15: IDTU7014-IDTU5014 | BM15: IDTMU714-IDTMU514 | BN15: 02B_Methylv2_TS_UDI_UMI_IDT8nt_i7_14-Methylv2_TS_UDI_UMI_IDT8nt_i5_14 | BO15: NS_Adaptor_14 | BP15: MGI14_F02_Barcode_46 | BQ15: MGI_Barcode1_UDB_014-MGI_Barcode2_UDB_014 | BS15: mloop_i7_14-mloop_i5_14 | BT15: NEBNextDi701-NEBNextDi514 | BU15: NEBEM7_F2-NEBEM5_F2 | BV15: NEBEM714-NEBEM514 | BW15: NEBNextSI7Set2_S14 | BX15: NEBNXT_P14 | BY15: NEBNextUDI7_F02-NEBNextUDI5_F02 | BZ15: NEBNextUDI7Set2_F02-NEBNextUDI5Set2_F02 | CA15: NEBNextUDI7Set3_F02-NEBNextUDI5Set3_F02 | CB15: NEBNextUDI7Set4_F02-NEBNextUDI5Set4_F02 | CC15: OMIXA014 | CD15: BC14 | CE15: PBio_sub14 | CF15: PBio_WT14_F2_i7-PBio_WT14_F2_i5 | CG15: BioO_NextFlexChIPSeq_14 | CH15: BioOHT_14 | CJ15: i7RUDI_014-i5RUDI_014 | CK15: QIAUDI7014-QIAUDI5014 | CL15: QIASeq_miRNA_MIHT14 | CM15: QIAmiRNA_IDP14 | CN15: i7QDIY014-i5QDIY014 | CO15: KAPA_UDI14_F02_i7-KAPA_UDI14_F02_i5 | CP15: SBX_X102-SBX_X060 | CQ15: SU7014-SU5014 | CR15: U014_i7-U014_i5 | CS15: OvationSolo_RNASeq_BC014 | CT15: TwinSDP714-TwinSDP514 | CU15: Twist_UDI_14_i7-Twist_UDI_14_i5 | CV15: Twist_UDI_plateA_F02_i7-Twist_UDI_plateA_F02_i5 | CW15: T514 | CX15: B701-B514 | CY15: D702rc-D506 | CZ15: Ad2.14 | DA15: v2_Ad2.14-v2_Ad1.14 | DC15: SA702-SA506
A16: TAIL | B16: TUMOR | D16: G02 | E16: B03 | F16: O01 | G16: A15 | H16: F02 | I16: B06 | J16: E02 | K16: B05 | L16: _Tube Strip 5x1 | M16: Salvelinus namaycush | O16: TruSeqLT | P16: {=IFERROR(INDEX(SampleSubmission!$F$10:$F$1000, MATCH(0, COUNTIF(Index!$P$1:P15,SampleSubmission!$F$10:$F$1000&"") + IF(SampleSubmission!$F$10:$F$1000="",1,0), 0)), "")} | Q16: 10x_Genomics_SC_ATAC_Multiome | R16: Capture | S16: Exome | T16: H3K4me1 | U16: Broad_Institute-sgRNA_guide_RNA_index_definition | W16: SI_NN7_B03-SI_NN5_B03 | X16: SI_NT7_B03-SI_NT5_B03 | Y16: SI_TN7_B03-SI_TN5_B03 | Z16: SI_TS7_B03-SI_TS5_B03 | AA16: SI_TT7_B03-SI_TT5_B03 | AB16: SI-NA-G2 | AC16: SI-GA-B3 | AD16: HaloPlex_Blue_G02 | AE16: SSXTHS715 | AF16: SSXTHSV27015-SSXTHSV25015 | AG16: SSXTLI7015 | AH16: SSXT702G | AJ16: ModC715-ModC515 | AK16: BROAD_sgRNA_B03 | AL16: BRD701-BRD515 | AM16: Diag_Set1_UDI_15_i7-Diag_Set1_UDI_15_i5 | AO16: DT_CD_i7_Primer4-DT_CD_i5_Primer3 | AP16: CUTANA_i702-CUTANA_i507 | AQ16: GenDx015_I705-I513 | AR16: DSP70591-DSP50591 | AS16: HIVE_V1_i7_B-03_HIVE_V1_i5 | AT16: HIVE_V2_i7_G02-HIVE_V2_i5_G02 | AU16: UDP70015-UDP50015 | AV16: UDP70015-UDP50015 | AW16: UDP70015-UDP50015 | AX16: UDI70015-UDI50015 | AY16: UDI70015V2-UDI50015V2 | AZ16: H701-H518 | BA16: N701-E518 | BB16: N701-N518 | BC16: N701-S518 | BD16: D702-D507 | BE16: Index_15 | BF16: RPI15 | BG16: A702-A507 | BH16: IDTN7015-IDTN5015 | BI16: IDT_10nt_UDI_i7_015-IDT_10nt_UDI_i5_015 | BJ16: IDT715-IDT515 | BK16: IDTU715-IDTU515 | BL16: IDTU7015-IDTU5015 | BM16: IDTMU715-IDTMU515 | BN16: 03B_Methylv2_TS_UDI_UMI_IDT8nt_i7_15-Methylv2_TS_UDI_UMI_IDT8nt_i5_15 | BO16: NS_Adaptor_15 | BP16: MGI15_G02_Barcode_47 | BQ16: MGI_Barcode1_UDB_015-MGI_Barcode2_UDB_015 | BS16: mloop_i7_15-mloop_i5_15 | BT16: NEBNextDi701-NEBNextDi515 | BU16: NEBEM7_G2-NEBEM5_G2 | BV16: NEBEM715-NEBEM515 | BW16: NEBNextSI7Set2_S15 | BX16: NEBNXT_P15 | BY16: NEBNextUDI7_G02-NEBNextUDI5_G02 | BZ16: NEBNextUDI7Set2_G02-NEBNextUDI5Set2_G02 | CA16: NEBNextUDI7Set3_G02-NEBNextUDI5Set3_G02 | CB16: NEBNextUDI7Set4_G02-NEBNextUDI5Set4_G02 | CC16: OMIXA015 | CD16: BC15 | CE16: PBio_sub15 | CF16: PBio_WT15_G2_i7-PBio_WT15_G2_i5 | CG16: BioO_NextFlexChIPSeq_15 | CH16: BioOHT_15 | CJ16: i7RUDI_015-i5RUDI_015 | CK16: QIAUDI7015-QIAUDI5015 | CL16: QIASeq_miRNA_MIHT15 | CM16: QIAmiRNA_IDP15 | CN16: i7QDIY015-i5QDIY015 | CO16: KAPA_UDI15_G02_i7-KAPA_UDI15_G02_i5 | CP16: SBX_X102-SBX_X079 | CQ16: SU7015-SU5015 | CR16: U015_i7-U015_i5 | CS16: OvationSolo_RNASeq_BC015 | CT16: TwinSDP715-TwinSDP515 | CU16: Twist_UDI_15_i7-Twist_UDI_15_i5 | CV16: Twist_UDI_plateA_G02_i7-Twist_UDI_plateA_G02_i5 | CW16: T515 | CX16: B701-B515 | CY16: D702rc-D507 | CZ16: Ad2.15 | DA16: v2_Ad2.15-v2_Ad1.15 | DC16: SA702-SA507
A17: TISSUE | D17: H02 | E17: B04 | F17: P01 | G17: A16 | H17: G02 | I17: B07 | J17: F02 | K17: B06 | L17: A01 | M17: Phaseolus vulgaris | O17: TruSeqHT | P17: {=IFERROR(INDEX(SampleSubmission!$F$10:$F$1000, MATCH(0, COUNTIF(Index!$P$1:P16,SampleSubmission!$F$10:$F$1000&"") + IF(SampleSubmission!$F$10:$F$1000="",1,0), 0)), "")} | Q17: 10x_Genomics_SC_CNV | R17: ChIP-Seq | S17: MCC | T17: H3K27ac | U17: Broad_Institute-SmartSeq2_index_combinatorial_dual | W17: SI_NN7_B04-SI_NN5_B04 | X17: SI_NT7_B04-SI_NT5_B04 | Y17: SI_TN7_B04-SI_TN5_B04 | Z17: SI_TS7_B04-SI_TS5_B04 | AA17: SI_TT7_B04-SI_TT5_B04 | AB17: SI-NA-H2 | AC17: SI-GA-B4 | AD17: HaloPlex_Blue_H02 | AE17: SSXTHS716 | AF17: SSXTHSV27016-SSXTHSV25016 | AG17: SSXTLI7016 | AH17: SSXT702H | AJ17: ModC716-ModC516 | AK17: BROAD_sgRNA_B04 | AL17: BRD701-BRD516 | AM17: Diag_Set1_UDI_16_i7-Diag_Set1_UDI_16_i5 | AO17: DT_CD_i7_Primer4-DT_CD_i5_Primer4 | AP17: CUTANA_i702-CUTANA_i508 | AQ17: GenDx016_I706-I513 | AR17: DSP70592-DSP50592 | AS17: HIVE_V1_i7_B-04_HIVE_V1_i5 | AT17: HIVE_V2_i7_H02-HIVE_V2_i5_H02 | AU17: UDP70016-UDP50016 | AV17: UDP70016-UDP50016 | AW17: UDP70016-UDP50016 | AX17: UDI70016-UDI50016 | AY17: UDI70016V2-UDI50016V2 | AZ17: H701-H520 | BA17: N701-E520 | BB17: N701-N520 | BC17: N701-S520 | BD17: D702-D508 | BE17: Index_16 | BF17: RPI16 | BG17: A702-A508 | BH17: IDTN7016-IDTN5016 | BI17: IDT_10nt_UDI_i7_016-IDT_10nt_UDI_i5_016 | BJ17: IDT716-IDT516 | BK17: IDTU716-IDTU516 | BL17: IDTU7016-IDTU5016 | BM17: IDTMU716-IDTMU516 | BN17: 04B_Methylv2_TS_UDI_UMI_IDT8nt_i7_16-Methylv2_TS_UDI_UMI_IDT8nt_i5_16 | BO17: NS_Adaptor_16 | BP17: MGI16_H02_Barcode_48 | BQ17: MGI_Barcode1_UDB_016-MGI_Barcode2_UDB_016 | BS17: mloop_i7_16-mloop_i5_16 | BT17: NEBNextDi701-NEBNextDi516 | BU17: NEBEM7_H2-NEBEM5_H2 | BV17: NEBEM716-NEBEM516 | BW17: NEBNextSI7Set2_S16 | BX17: NEBNXT_P16 | BY17: NEBNextUDI7_H02-NEBNextUDI5_H02 | BZ17: NEBNextUDI7Set2_H02-NEBNextUDI5Set2_H02 | CA17: NEBNextUDI7Set3_H02-NEBNextUDI5Set3_H02 | CB17: NEBNextUDI7Set4_H02-NEBNextUDI5Set4_H02 | CC17: OMIXA016 | CD17: BC16 | CE17: PBio_sub16 | CF17: PBio_WT16_H2_i7-PBio_WT16_H2_i5 | CG17: BioO_NextFlexChIPSeq_16 | CH17: BioOHT_16 | CJ17: i7RUDI_016-i5RUDI_016 | CK17: QIAUDI7016-QIAUDI5016 | CL17: QIASeq_miRNA_MIHT16 | CM17: QIAmiRNA_IDP16 | CN17: i7QDIY016-i5QDIY016 | CO17: KAPA_UDI16_H02_i7-KAPA_UDI16_H02_i5 | CP17: SBX_X102-SBX_X089 | CQ17: SU7016-SU5016 | CR17: U016_i7-U016_i5 | CS17: OvationSolo_RNASeq_BC016 | CT17: TwinSDP716-TwinSDP516 | CU17: Twist_UDI_16_i7-Twist_UDI_16_i5 | CV17: Twist_UDI_plateA_H02_i7-Twist_UDI_plateA_H02_i5 | CW17: T516 | CX17: B701-B516 | CY17: D702rc-D508 | CZ17: Ad2.16 | DA17: v2_Ad2.16-v2_Ad1.16 | DC17: SA702-SA508
A18: TUMOR | C18: Location Kind | D18: A03 | E18: B05 | F18: A02 | G18: A17 | H18: H02 | I18: B08 | J18: G02 | K18: B07 | L18: B01 | M18: Gasterosteus aculeatus | O18: Nextera | P18: {=IFERROR(INDEX(SampleSubmission!$F$10:$F$1000, MATCH(0, COUNTIF(Index!$P$1:P17,SampleSubmission!$F$10:$F$1000&"") + IF(SampleSubmission!$F$10:$F$1000="",1,0), 0)), "")} | Q18: 10x_Genomics_SC_Feature_Barcode | R18: Olink_Explore_Panel | S18: Panel | T18: H3K4me3 | U18: Diagenode-Nextera_UDI_Adapters | W18: SI_NN7_B05-SI_NN5_B05 | X18: SI_NT7_B05-SI_NT5_B05 | Y18: SI_TN7_B05-SI_TN5_B05 | Z18: SI_TS7_B05-SI_TS5_B05 | AA18: SI_TT7_B05-SI_TT5_B05 | AB18: SI-NA-A3 | AC18: SI-GA-B5 | AD18: HaloPlex_Blue_A03 | AE18: SSXTHS717 | AF18: SSXTHSV27017-SSXTHSV25017 | AG18: SSXTLI7017 | AH18: SSXT703A | AJ18: ModC717-ModC517 | AK18: BROAD_sgRNA_B05 | AL18: BRD701-BRD517 | AM18: Diag_Set1_UDI_17_i7-Diag_Set1_UDI_17_i5 | AO18: DT_CD_i7_Primer5-DT_CD_i5_Primer1 | AP18: CUTANA_i703-CUTANA_i501 | AQ18: GenDx017_I705-I501 | AR18: DSP70593-DSP50593 | AS18: HIVE_V1_i7_B-05_HIVE_V1_i5 | AT18: HIVE_V2_i7_A03-HIVE_V2_i5_A03 | AU18: UDP70017-UDP50017 | AV18: UDP70017-UDP50017 | AW18: UDP70017-UDP50017 | AX18: UDI70017-UDI50017 | AY18: UDI70017-UDI50017 | AZ18: H701-H521 | BA18: N701-E521 | BB18: N701-N521 | BC18: N701-S521 | BD18: D703-D501 | BE18: Index_18 | BF18: RPI17 | BG18: A703-A501 | BH18: IDTN7017-IDTN5017 | BI18: IDT_10nt_UDI_i7_017-IDT_10nt_UDI_i5_017 | BJ18: IDT717-IDT517 | BK18: IDTU717-IDTU517 | BL18: IDTU7017-IDTU5017 | BM18: IDTMU717-IDTMU517 | BN18: 05B_Methylv2_TS_UDI_UMI_IDT8nt_i7_17-Methylv2_TS_UDI_UMI_IDT8nt_i5_17 | BO18: NS_Adaptor_17 | BP18: MGI17_A03_Barcode_57 | BQ18: MGI_Barcode1_UDB_017-MGI_Barcode2_UDB_017 | BS18: mloop_i7_17-mloop_i5_17 | BT18: NEBNextDi702-NEBNextDi501 | BU18: NEBEM7_A3-NEBEM5_A3 | BV18: NEBEM717-NEBEM517 | BW18: NEBNextSI7Set2_S18 | BX18: NEBNXT_P17 | BY18: NEBNextUDI7_A03-NEBNextUDI5_A03 | BZ18: NEBNextUDI7Set2_A03-NEBNextUDI5Set2_A03 | CA18: NEBNextUDI7Set3_A03-NEBNextUDI5Set3_A03 | CB18: NEBNextUDI7Set4_A03-NEBNextUDI5Set4_A03 | CC18: OMIXA017 | CD18: BC17 | CF18: PBio_WT17_A3_i7-PBio_WT17_A3_i5 | CG18: BioO_NextFlexChIPSeq_17 | CH18: BioOHT_17 | CJ18: i7RUDI_017-i5RUDI_017 | CK18: QIAUDI7017-QIAUDI5017 | CL18: QIASeq_miRNA_MIHT17 | CM18: QIAmiRNA_IDP17 | CN18: i7QDIY017-i5QDIY017 | CO18: KAPA_UDI17_A03_i7-KAPA_UDI17_A03_i5 | CP18: SBX_X102-SBX_X021 | CQ18: SU7017-SU5017 | CR18: U017_i7-U017_i5 | CS18: OvationSolo_RNASeq_BC017 | CT18: TwinSDP717-TwinSDP517 | CV18: Twist_UDI_plateA_A03_i7-Twist_UDI_plateA_A03_i5 | CW18: T517 | CX18: B702-B501 | CY18: D703rc-D501 | CZ18: Ad2.17 | DA18: v2_Ad2.17-v2_Ad1.17 | DC18: SA703-SA501
C19: Tube rack 8x12 | D19: B03 | E19: B06 | F19: B02 | G19: A18 | H19: I02 | I19: B09 | J19: H02 | K19: B08 | L19: C01 | M19: Gasterosteus aculeatus aculeatus | P19: {=IFERROR(INDEX(SampleSubmission!$F$10:$F$1000, MATCH(0, COUNTIF(Index!$P$1:P18,SampleSubmission!$F$10:$F$1000&"") + IF(SampleSubmission!$F$10:$F$1000="",1,0), 0)), "")} | Q19: 10x_Genomics_SC_RNA | T19: H3K36me3 | U19: Dovetail-HiChIP_MNase_Kit | W19: SI_NN7_B06-SI_NN5_B06 | X19: SI_NT7_B06-SI_NT5_B06 | Y19: SI_TN7_B06-SI_TN5_B06 | Z19: SI_TS7_B06-SI_TS5_B06 | AA19: SI_TT7_B06-SI_TT5_B06 | AB19: SI-NA-B3 | AC19: SI-GA-B6 | AD19: HaloPlex_Blue_B03 | AE19: SSXTHS718 | AF19: SSXTHSV27018-SSXTHSV25018 | AG19: SSXTLI7018 | AH19: SSXT703B | AJ19: ModC718-ModC518 | AK19: BROAD_sgRNA_B06 | AL19: BRD701-BRD518 | AM19: Diag_Set1_UDI_19_i7-Diag_Set1_UDI_19_i5 | AO19: DT_CD_i7_Primer5-DT_CD_i5_Primer2 | AP19: CUTANA_i703-CUTANA_i502 | AQ19: GenDx018_I706-I501 | AR19: DSP70594-DSP50594 | AS19: HIVE_V1_i7_B-06_HIVE_V1_i5 | AT19: HIVE_V2_i7_B03-HIVE_V2_i5_B03 | AU19: UDP70018-UDP50018 | AV19: UDP70018-UDP50018 | AW19: UDP70018-UDP50018 | AX19: UDI70018-UDI50018 | AY19: UDI70018-UDI50018 | AZ19: H701-H522 | BA19: N701-E522 | BB19: N701-N522 | BC19: N701-S522 | BD19: D703-D502 | BE19: Index_19 | BF19: RPI18 | BG19: A703-A502 | BH19: IDTN7018-IDTN5018 | BI19: IDT_10nt_UDI_i7_018-IDT_10nt_UDI_i5_018 | BJ19: IDT718-IDT518 | BK19: IDTU718-IDTU518 | BL19: IDTU7018-IDTU5018 | BM19: IDTMU718-IDTMU518 | BN19: 06B_Methylv2_TS_UDI_UMI_IDT8nt_i7_18-Methylv2_TS_UDI_UMI_IDT8nt_i5_18 | BO19: NS_Adaptor_18 | BP19: MGI18_B03_Barcode_58 | BQ19: MGI_Barcode1_UDB_018-MGI_Barcode2_UDB_018 | BS19: mloop_i7_18-mloop_i5_18 | BT19: NEBNextDi702-NEBNextDi502 | BU19: NEBEM7_B3-NEBEM5_B3 | BV19: NEBEM718-NEBEM518 | BW19: NEBNextSI7Set2_S19 | BX19: NEBNXT_P18 | BY19: NEBNextUDI7_B03-NEBNextUDI5_B03 | BZ19: NEBNextUDI7Set2_B03-NEBNextUDI5Set2_B03 | CA19: NEBNextUDI7Set3_B03-NEBNextUDI5Set3_B03 | CB19: NEBNextUDI7Set4_B03-NEBNextUDI5Set4_B03 | CC19: OMIXA018 | CD19: BC18 | CF19: PBio_WT18_B3_i7-PBio_WT18_B3_i5 | CG19: BioO_NextFlexChIPSeq_18 | CH19: BioOHT_18 | CJ19: i7RUDI_018-i5RUDI_018 | CK19: QIAUDI7018-QIAUDI5018 | CL19: QIASeq_miRNA_MIHT18 | CM19: QIAmiRNA_IDP18 | CN19: i7QDIY018-i5QDIY018 | CO19: KAPA_UDI18_B03_i7-KAPA_UDI18_B03_i5 | CP19: SBX_X102-SBX_X024 | CQ19: SU7018-SU5018 | CR19: U018_i7-U018_i5 | CS19: OvationSolo_RNASeq_BC018 | CT19: TwinSDP718-TwinSDP518 | CV19: Twist_UDI_plateA_B03_i7-Twist_UDI_plateA_B03_i5 | CW19: T518 | CX19: B702-B502 | CY19: D703rc-D502 | CZ19: Ad2.18 | DA19: v2_Ad2.18-v2_Ad1.18 | DC19: SA703-SA502
C20: Tube box 9x9 | D20: C03 | E20: B07 | F20: C02 | G20: A19 | H20: A03 | I20: C01 | J20: I02 | K20: B09 | L20: D01 | M20: Brachypodium distachyon | P20: {=IFERROR(INDEX(SampleSubmission!$F$10:$F$1000, MATCH(0, COUNTIF(Index!$P$1:P19,SampleSubmission!$F$10:$F$1000&"") + IF(SampleSubmission!$F$10:$F$1000="",1,0), 0)), "")} | Q20: 10x_Genomics_SC_RNA_Multiome | T20: H3K27me3 | U20: Cantata_Bio-Dovetail_LinkPrep_Indexes | W20: SI_NN7_B07-SI_NN5_B07 | X20: SI_NT7_B07-SI_NT5_B07 | Y20: SI_TN7_B07-SI_TN5_B07 | Z20: SI_TS7_B07-SI_TS5_B07 | AA20: SI_TT7_B07-SI_TT5_B07 | AB20: SI-NA-C3 | AC20: SI-GA-B7 | AD20: HaloPlex_Blue_C03 | AE20: SSXTHS719 | AF20: SSXTHSV27019-SSXTHSV25019 | AG20: SSXTLI7019 | AH20: SSXT703C | AJ20: ModC719-ModC519 | AK20: BROAD_sgRNA_B07 | AL20: BRD701-BRD519 | AM20: Diag_Set1_UDI_20_i7-Diag_Set1_UDI_20_i5 | AO20: DT_CD_i7_Primer5-DT_CD_i5_Primer3 | AP20: CUTANA_i703-CUTANA_i503 | AQ20: GenDx019_I705-I505 | AR20: DSP70595-DSP50595 | AS20: HIVE_V1_i7_B-07_HIVE_V1_i5 | AT20: HIVE_V2_i7_C03-HIVE_V2_i5_C03 | AU20: UDP70019-UDP50019 | AV20: UDP70019-UDP50019 | AW20: UDP70019-UDP50019 | AX20: UDI70019-UDI50019 | AY20: UDI70019-UDI50019 | AZ20: H702-H501 | BA20: N702-E501 | BB20: N702-N501 | BC20: N702-S501 | BD20: D703-D503 | BE20: Index_20 | BF20: RPI19 | BG20: A703-A503 | BH20: IDTN7019-IDTN5019 | BI20: IDT_10nt_UDI_i7_019-IDT_10nt_UDI_i5_019 | BJ20: IDT719-IDT519 | BK20: IDTU719-IDTU519 | BL20: IDTU7019-IDTU5019 | BM20: IDTMU719-IDTMU519 | BN20: 07B_Methylv2_TS_UDI_UMI_IDT8nt_i7_19-Methylv2_TS_UDI_UMI_IDT8nt_i5_19 | BO20: NS_Adaptor_19 | BP20: MGI19_C03_Barcode_59 | BQ20: MGI_Barcode1_UDB_019-MGI_Barcode2_UDB_019 | BS20: mloop_i7_19-mloop_i5_19 | BT20: NEBNextDi702-NEBNextDi503 | BU20: NEBEM7_C3-NEBEM5_C3 | BV20: NEBEM719-NEBEM519 | BW20: NEBNextSI7Set2_S20 | BX20: NEBNXT_P19 | BY20: NEBNextUDI7_C03-NEBNextUDI5_C03 | BZ20: NEBNextUDI7Set2_C03-NEBNextUDI5Set2_C03 | CA20: NEBNextUDI7Set3_C03-NEBNextUDI5Set3_C03 | CB20: NEBNextUDI7Set4_C03-NEBNextUDI5Set4_C03 | CC20: OMIXA019 | CD20: BC19 | CF20: PBio_WT19_C3_i7-PBio_WT19_C3_i5 | CG20: BioO_NextFlexChIPSeq_19 | CH20: BioOHT_19 | CJ20: i7RUDI_019-i5RUDI_019 | CK20: QIAUDI7019-QIAUDI5019 | CL20: QIASeq_miRNA_MIHT19 | CM20: QIAmiRNA_IDP19 | CN20: i7QDIY019-i5QDIY019 | CO20: KAPA_UDI19_C03_i7-KAPA_UDI19_C03_i5 | CP20: SBX_X102-SBX_X038 | CQ20: SU7019-SU5019 | CR20: U019_i7-U019_i5 | CS20: OvationSolo_RNASeq_BC019 | CT20: TwinSDP719-TwinSDP519 | CV20: Twist_UDI_plateA_C03_i7-Twist_UDI_plateA_C03_i5 | CW20: T519 | CX20: B702-B503 | CY20: D703rc-D503 | CZ20: Ad2.19 | DA20: v2_Ad2.19-v2_Ad1.19 | DC20: SA703-SA503
C21: Tube box 10x10 | D21: D03 | E21: B08 | F21: D02 | G21: A20 | H21: B03 | I21: C02 | J21: J02 | K21: B10 | L21: E01 | P21: {=IFERROR(INDEX(SampleSubmission!$F$10:$F$1000, MATCH(0, COUNTIF(Index!$P$1:P20,SampleSubmission!$F$10:$F$1000&"") + IF(SampleSubmission!$F$10:$F$1000="",1,0), 0)), "")} | Q21: 10x_Genomics_SC_V-D-J | T21: H3K9me3 | U21: EpiCypher-Cut_and_Run_combinatorial_dual_adapters | W21: SI_NN7_B08-SI_NN5_B08 | X21: SI_NT7_B08-SI_NT5_B08 | Y21: SI_TN7_B08-SI_TN5_B08 | Z21: SI_TS7_B08-SI_TS5_B08 | AA21: SI_TT7_B08-SI_TT5_B08 | AB21: SI-NA-D3 | AC21: SI-GA-B8 | AD21: HaloPlex_Blue_D03 | AE21: SSXTHS720 | AF21: SSXTHSV27020-SSXTHSV25020 | AG21: SSXTLI7020 | AH21: SSXT703D | AJ21: ModC720-ModC520 | AK21: BROAD_sgRNA_B08 | AL21: BRD701-BRD520 | AM21: Diag_Set1_UDI_22_i7-Diag_Set1_UDI_22_i5 | AO21: DT_CD_i7_Primer5-DT_CD_i5_Primer4 | AP21: CUTANA_i703-CUTANA_i504 | AQ21: GenDx020_I706-I505 | AR21: DSP70596-DSP50596 | AS21: HIVE_V1_i7_B-08_HIVE_V1_i5 | AT21: HIVE_V2_i7_D03-HIVE_V2_i5_D03 | AU21: UDP70020-UDP50020 | AV21: UDP70020-UDP50020 | AW21: UDP70020-UDP50020 | AX21: UDI70020-UDI50020 | AY21: UDI70020-UDI50020 | AZ21: H702-H502 | BA21: N702-E502 | BB21: N702-N502 | BC21: N702-S502 | BD21: D703-D504 | BE21: Index_21 | BF21: RPI20 | BG21: A703-A504 | BH21: IDTN7020-IDTN5020 | BI21: IDT_10nt_UDI_i7_020-IDT_10nt_UDI_i5_020 | BJ21: IDT720-IDT520 | BK21: IDTU720-IDTU520 | BL21: IDTU7020-IDTU5020 | BM21: IDTMU720-IDTMU520 | BN21: 08B_Methylv2_TS_UDI_UMI_IDT8nt_i7_20-Methylv2_TS_UDI_UMI_IDT8nt_i5_20 | BO21: NS_Adaptor_20 | BP21: MGI20_D03_Barcode_60 | BQ21: MGI_Barcode1_UDB_020-MGI_Barcode2_UDB_020 | BS21: mloop_i7_20-mloop_i5_20 | BT21: NEBNextDi702-NEBNextDi504 | BU21: NEBEM7_D3-NEBEM5_D3 | BV21: NEBEM720-NEBEM520 | BW21: NEBNextSI7Set2_S21 | BX21: NEBNXT_P20 | BY21: NEBNextUDI7_D03-NEBNextUDI5_D03 | BZ21: NEBNextUDI7Set2_D03-NEBNextUDI5Set2_D03 | CA21: NEBNextUDI7Set3_D03-NEBNextUDI5Set3_D03 | CB21: NEBNextUDI7Set4_D03-NEBNextUDI5Set4_D03 | CC21: OMIXA020 | CD21: BC20 | CF21: PBio_WT20_D3_i7-PBio_WT20_D3_i5 | CG21: BioO_NextFlexChIPSeq_20 | CH21: BioOHT_20 | CJ21: i7RUDI_020-i5RUDI_020 | CK21: QIAUDI7020-QIAUDI5020 | CL21: QIASeq_miRNA_MIHT20 | CM21: QIAmiRNA_IDP20 | CN21: i7QDIY020-i5QDIY020 | CO21: KAPA_UDI20_D03_i7-KAPA_UDI20_D03_i5 | CP21: SBX_X102-SBX_X044 | CQ21: SU7020-SU5020 | CR21: U020_i7-U020_i5 | CS21: OvationSolo_RNASeq_BC020 | CT21: TwinSDP720-TwinSDP520 | CV21: Twist_UDI_plateA_D03_i7-Twist_UDI_plateA_D03_i5 | CW21: T520 | CX21: B702-B504 | CY21: D703rc-D504 | CZ21: Ad2.20 | DA21: v2_Ad2.20-v2_Ad1.20 | DC21: SA703-SA504
C22: Site | D22: E03 | E22: B09 | F22: E02 | G22: A21 | H22: C03 | I22: C03 | J22: A03 | K22: C01 | P22: {=IFERROR(INDEX(SampleSubmission!$F$10:$F$1000, MATCH(0, COUNTIF(Index!$P$1:P21,SampleSubmission!$F$10:$F$1000&"") + IF(SampleSubmission!$F$10:$F$1000="",1,0), 0)), "")} | Q22: 10x_Genomics_SC_Visium_Spatial_RNA | U22: GenDX-NGSgo_IndX_plate_I_II_III_IV_GenDX_2342456 | W22: SI_NN7_B09-SI_NN5_B09 | X22: SI_NT7_B09-SI_NT5_B09 | Y22: SI_TN7_B09-SI_TN5_B09 | Z22: SI_TS7_B09-SI_TS5_B09 | AA22: SI_TT7_B09-SI_TT5_B09 | AB22: SI-NA-E3 | AC22: SI-GA-B9 | AD22: HaloPlex_Blue_E03 | AE22: SSXTHS721 | AF22: SSXTHSV27021-SSXTHSV25021 | AG22: SSXTLI7021 | AH22: SSXT703E | AJ22: ModC721-ModC521 | AK22: BROAD_sgRNA_B09 | AL22: BRD701-BRD521 | AM22: Diag_Set1_UDI_23_i7-Diag_Set1_UDI_23_i5 | AO22: DT_CD_i7_Primer6-DT_CD_i5_Primer1 | AP22: CUTANA_i703-CUTANA_i505 | AQ22: GenDx021_I701-I509 | AR22: DSP70597-DSP50597 | AS22: HIVE_V1_i7_B-09_HIVE_V1_i5 | AT22: HIVE_V2_i7_E03-HIVE_V2_i5_E03 | AU22: UDP70021-UDP50021 | AV22: UDP70021-UDP50021 | AW22: UDP70021-UDP50021 | AX22: UDI70021-UDI50021 | AY22: UDI70021-UDI50021 | AZ22: H702-H503 | BA22: N702-E503 | BB22: N702-N503 | BC22: N702-S503 | BD22: D703-D505 | BE22: Index_22 | BF22: RPI21 | BG22: A703-A505 | BH22: IDTN7021-IDTN5021 | BI22: IDT_10nt_UDI_i7_021-IDT_10nt_UDI_i5_021 | BJ22: IDT721-IDT521 | BK22: IDTU721-IDTU521 | BL22: IDTU7021-IDTU5021 | BM22: IDTMU721-IDTMU521 | BN22: 09B_Methylv2_TS_UDI_UMI_IDT8nt_i7_21-Methylv2_TS_UDI_UMI_IDT8nt_i5_21 | BO22: NS_Adaptor_21 | BP22: MGI21_E03_Barcode_61 | BQ22: MGI_Barcode1_UDB_021-MGI_Barcode2_UDB_021 | BS22: mloop_i7_21-mloop_i5_21 | BT22: NEBNextDi702-NEBNextDi505 | BU22: NEBEM7_E3-NEBEM5_E3 | BV22: NEBEM721-NEBEM521 | BW22: NEBNextSI7Set2_S22 | BX22: NEBNXT_P21 | BY22: NEBNextUDI7_E03-NEBNextUDI5_E03 | BZ22: NEBNextUDI7Set2_E03-NEBNextUDI5Set2_E03 | CA22: NEBNextUDI7Set3_E03-NEBNextUDI5Set3_E03 | CB22: NEBNextUDI7Set4_E03-NEBNextUDI5Set4_E03 | CC22: OMIXA021 | CD22: BC21 | CF22: PBio_WT21_E3_i7-PBio_WT21_E3_i5 | CG22: BioO_NextFlexChIPSeq_21 | CH22: BioOHT_21 | CJ22: i7RUDI_021-i5RUDI_021 | CK22: QIAUDI7021-QIAUDI5021 | CL22: QIASeq_miRNA_MIHT21 | CM22: QIAmiRNA_IDP21 | CN22: i7QDIY021-i5QDIY021 | CO22: KAPA_UDI21_E03_i7-KAPA_UDI21_E03_i5 | CP22: SBX_X102-SBX_X048 | CQ22: SU7021-SU5021 | CR22: U021_i7-U021_i5 | CS22: OvationSolo_RNASeq_BC021 | CT22: TwinSDP721-TwinSDP521 | CV22: Twist_UDI_plateA_E03_i7-Twist_UDI_plateA_E03_i5 | CW22: T521 | CX22: B702-B505 | CY22: D703rc-D505 | CZ22: Ad2.21 | DA22: v2_Ad2.21-v2_Ad1.21 | DC22: SA703-SA505
D23: F03 | E23: B10 | F23: F02 | G23: A22 | H23: D03 | I23: C04 | J23: B03 | K23: C02 | L23: _Tube Strip 6x1 | Q23: scRNA-Seq | U23: GeoMx-DSP_index | W23: SI_NN7_B10-SI_NN5_B10 | X23: SI_NT7_B10-SI_NT5_B10 | Y23: SI_TN7_B10-SI_TN5_B10 | Z23: SI_TS7_B10-SI_TS5_B10 | AA23: SI_TT7_B10-SI_TT5_B10 | AB23: SI-NA-F3 | AC23: SI-GA-B10 | AD23: HaloPlex_Blue_F03 | AE23: SSXTHS722 | AF23: SSXTHSV27022-SSXTHSV25022 | AG23: SSXTLI7022 | AH23: SSXT703F | AJ23: ModC722-ModC522 | AK23: BROAD_sgRNA_B10 | AL23: BRD701-BRD522 | AM23: Diag_Set1_UDI_24_i7-Diag_Set1_UDI_24_i5 | AO23: DT_CD_i7_Primer6-DT_CD_i5_Primer2 | AP23: CUTANA_i703-CUTANA_i506 | AQ23: GenDx022_I702-I509 | AR23: DSP70598-DSP50598 | AS23: HIVE_V1_i7_B-10_HIVE_V1_i5 | AT23: HIVE_V2_i7_F03-HIVE_V2_i5_F03 | AU23: UDP70022-UDP50022 | AV23: UDP70022-UDP50022 | AW23: UDP70022-UDP50022 | AX23: UDI70022-UDI50022 | AY23: UDI70022-UDI50022 | AZ23: H702-H504 | BA23: N702-E504 | BB23: N702-N504 | BC23: N702-S504 | BD23: D703-D506 | BE23: Index_23 | BF23: RPI22 | BG23: A703-A506 | BH23: IDTN7022-IDTN5022 | BI23: IDT_10nt_UDI_i7_022-IDT_10nt_UDI_i5_022 | BJ23: IDT722-IDT522 | BK23: IDTU722-IDTU522 | BL23: IDTU7022-IDTU5022 | BM23: IDTMU722-IDTMU522 | BN23: 10B_Methylv2_TS_UDI_UMI_IDT8nt_i7_22-Methylv2_TS_UDI_UMI_IDT8nt_i5_22 | BO23: NS_Adaptor_22 | BP23: MGI22_F03_Barcode_62 | BQ23: MGI_Barcode1_UDB_022-MGI_Barcode2_UDB_022 | BS23: mloop_i7_22-mloop_i5_22 | BT23: NEBNextDi702-NEBNextDi506 | BU23: NEBEM7_F3-NEBEM5_F3 | BV23: NEBEM722-NEBEM522 | BW23: NEBNextSI7Set2_S23 | BX23: NEBNXT_P22 | BY23: NEBNextUDI7_F03-NEBNextUDI5_F03 | BZ23: NEBNextUDI7Set2_F03-NEBNextUDI5Set2_F03 | CA23: NEBNextUDI7Set3_F03-NEBNextUDI5Set3_F03 | CB23: NEBNextUDI7Set4_F03-NEBNextUDI5Set4_F03 | CC23: OMIXA022 | CD23: BC22 | CF23: PBio_WT22_F3_i7-PBio_WT22_F3_i5 | CG23: BioO_NextFlexChIPSeq_22 | CH23: BioOHT_22 | CJ23: i7RUDI_022-i5RUDI_022 | CK23: QIAUDI7022-QIAUDI5022 | CL23: QIASeq_miRNA_MIHT22 | CM23: QIAmiRNA_IDP22 | CN23: i7QDIY022-i5QDIY022 | CO23: KAPA_UDI22_F03_i7-KAPA_UDI22_F03_i5 | CP23: SBX_X102-SBX_X055 | CQ23: SU7022-SU5022 | CR23: U022_i7-U022_i5 | CS23: OvationSolo_RNASeq_BC022 | CT23: TwinSDP722-TwinSDP522 | CV23: Twist_UDI_plateA_F03_i7-Twist_UDI_plateA_F03_i5 | CW23: T522 | CX23: B702-B506 | CY23: D703rc-D506 | CZ23: Ad2.22 | DA23: v2_Ad2.22-v2_Ad1.22 | DC23: SA703-SA506
D24: G03 | E24: B11 | F24: G02 | G24: A23 | H24: E03 | I24: C05 | J24: C03 | K24: C03 | L24: A01 | Q24: Amplicon_DNA | U24: Honeycomb-HIVE_scRNAseq_v1_Kit_Uses_custom_sequencing_primer | W24: SI_NN7_B11-SI_NN5_B11 | X24: SI_NT7_B11-SI_NT5_B11 | Y24: SI_TN7_B11-SI_TN5_B11 | Z24: SI_TS7_B11-SI_TS5_B11 | AA24: SI_TT7_B11-SI_TT5_B11 | AB24: SI-NA-G3 | AC24: SI-GA-B11 | AD24: HaloPlex_Blue_G03 | AE24: SSXTHS723 | AF24: SSXTHSV27023-SSXTHSV25023 | AG24: SSXTLI7023 | AH24: SSXT703G | AJ24: ModC723-ModC523 | AK24: BROAD_sgRNA_B11 | AL24: BRD701-BRD523 | AM24: Diag_Set1_UDI_25_i7-Diag_Set1_UDI_25_i5 | AO24: DT_CD_i7_Primer6-DT_CD_i5_Primer3 | AP24: CUTANA_i703-CUTANA_i507 | AQ24: GenDx023_I701-I513 | AR24: i7DSP0001-i5DSP0001 | AS24: HIVE_V1_i7_B-11_HIVE_V1_i5 | AT24: HIVE_V2_i7_G03-HIVE_V2_i5_G03 | AU24: UDP70023-UDP50023 | AV24: UDP70023-UDP50023 | AW24: UDP70023-UDP50023 | AX24: UDI70023-UDI50023 | AY24: UDI70023-UDI50023 | AZ24: H702-H505 | BA24: N702-E505 | BB24: N702-N505 | BC24: N702-S505 | BD24: D703-D507 | BE24: Index_25 | BF24: RPI23 | BG24: A703-A507 | BH24: IDTN7023-IDTN5023 | BI24: IDT_10nt_UDI_i7_023-IDT_10nt_UDI_i5_023 | BJ24: IDT723-IDT523 | BK24: IDTU723-IDTU523 | BL24: IDTU7023-IDTU5023 | BM24: IDTMU723-IDTMU523 | BN24: 11B_Methylv2_TS_UDI_UMI_IDT8nt_i7_23-Methylv2_TS_UDI_UMI_IDT8nt_i5_23 | BO24: NS_Adaptor_23 | BP24: MGI23_G03_Barcode_63 | BQ24: MGI_Barcode1_UDB_023-MGI_Barcode2_UDB_023 | BS24: mloop_i7_23-mloop_i5_23 | BT24: NEBNextDi702-NEBNextDi507 | BU24: NEBEM7_G3-NEBEM5_G3 | BV24: NEBEM723-NEBEM523 | BW24: NEBNextSI7Set2_S25 | BX24: NEBNXT_P23 | BY24: NEBNextUDI7_G03-NEBNextUDI5_G03 | BZ24: NEBNextUDI7Set2_G03-NEBNextUDI5Set2_G03 | CA24: NEBNextUDI7Set3_G03-NEBNextUDI5Set3_G03 | CB24: NEBNextUDI7Set4_G03-NEBNextUDI5Set4_G03 | CC24: OMIXA023 | CD24: BC23 | CF24: PBio_WT23_G3_i7-PBio_WT23_G3_i5 | CG24: BioO_NextFlexChIPSeq_23 | CH24: BioOHT_23 | CJ24: i7RUDI_023-i5RUDI_023 | CK24: QIAUDI7023-QIAUDI5023 | CL24: QIASeq_miRNA_MIHT23 | CM24: QIAmiRNA_IDP23 | CN24: i7QDIY023-i5QDIY023 | CO24: KAPA_UDI23_G03_i7-KAPA_UDI23_G03_i5 | CP24: SBX_X102-SBX_X056 | CQ24: SU7023-SU5023 | CR24: U023_i7-U023_i5 | CS24: OvationSolo_RNASeq_BC023 | CT24: TwinSDP723-TwinSDP523 | CV24: Twist_UDI_plateA_G03_i7-Twist_UDI_plateA_G03_i5 | CW24: T523 | CX24: B702-B507 | CY24: D703rc-D507 | CZ24: Ad2.23 | DA24: v2_Ad2.23-v2_Ad1.23 | DC24: SA703-SA507
D25: H03 | E25: B12 | F25: H02 | G25: A24 | H25: F03 | I25: C06 | J25: D03 | K25: C04 | L25: B01 | Q25: Amplicon_RNA | U25: Honeycomb-HIVE_scRNAseq_v2_Kit_UDI_layout_PN10922_clear_plate_Uses_custom_sequencing_primer | W25: SI_NN7_B12-SI_NN5_B12 | X25: SI_NT7_B12-SI_NT5_B12 | Y25: SI_TN7_B12-SI_TN5_B12 | Z25: SI_TS7_B12-SI_TS5_B12 | AA25: SI_TT7_B12-SI_TT5_B12 | AB25: SI-NA-H3 | AC25: SI-GA-B12 | AD25: HaloPlex_Blue_H03 | AE25: SSXTHS724 | AF25: SSXTHSV27024-SSXTHSV25024 | AG25: SSXTLI7024 | AH25: SSXT703H | AJ25: ModC724-ModC524 | AK25: BROAD_sgRNA_B12 | AL25: BRD701-BRD524 | AM25: Diag_Set1_UDI_26_i7-Diag_Set1_UDI_26_i5 | AO25: DT_CD_i7_Primer6-DT_CD_i5_Primer4 | AP25: CUTANA_i703-CUTANA_i508 | AQ25: GenDx024_I702-I513 | AR25: i7DSP0002-i5DSP0002 | AS25: HIVE_V1_i7_B-12_HIVE_V1_i5 | AT25: HIVE_V2_i7_H03-HIVE_V2_i5_H03 | AU25: UDP70024-UDP50024 | AV25: UDP70024-UDP50024 | AW25: UDP70024-UDP50024 | AX25: UDI70024-UDI50024 | AY25: UDI70024-UDI50024 | AZ25: H702-H506 | BA25: N702-E506 | BB25: N702-N506 | BC25: N702-S506 | BD25: D703-D508 | BE25: Index_27 | BF25: RPI24 | BG25: A703-A508 | BH25: IDTN7024-IDTN5024 | BI25: IDT_10nt_UDI_i7_024-IDT_10nt_UDI_i5_024 | BJ25: IDT724-IDT524 | BK25: IDTU724-IDTU524 | BL25: IDTU7024-IDTU5024 | BM25: IDTMU724-IDTMU524 | BN25: 12B_Methylv2_TS_UDI_UMI_IDT8nt_i7_24-Methylv2_TS_UDI_UMI_IDT8nt_i5_24 | BO25: NS_Adaptor_24 | BP25: MGI24_H03_Barcode_64 | BQ25: MGI_Barcode1_UDB_024-MGI_Barcode2_UDB_024 | BS25: mloop_i7_24-mloop_i5_24 | BT25: NEBNextDi702-NEBNextDi508 | BU25: NEBEM7_H3-NEBEM5_H3 | BV25: NEBEM724-NEBEM524 | BW25: NEBNextSI7Set2_S27 | BX25: NEBNXT_P24 | BY25: NEBNextUDI7_H03-NEBNextUDI5_H03 | BZ25: NEBNextUDI7Set2_H03-NEBNextUDI5Set2_H03 | CA25: NEBNextUDI7Set3_H03-NEBNextUDI5Set3_H03 | CB25: NEBNextUDI7Set4_H03-NEBNextUDI5Set4_H03 | CC25: OMIXA024 | CD25: BC24 | CF25: PBio_WT24_H3_i7-PBio_WT24_H3_i5 | CG25: BioO_NextFlexChIPSeq_24 | CH25: BioOHT_24 | CJ25: i7RUDI_024-i5RUDI_024 | CK25: QIAUDI7024-QIAUDI5024 | CL25: QIASeq_miRNA_MIHT24 | CM25: QIAmiRNA_IDP24 | CN25: i7QDIY024-i5QDIY024 | CO25: KAPA_UDI24_H03_i7-KAPA_UDI24_H03_i5 | CP25: SBX_X102-SBX_X083 | CQ25: SU7024-SU5024 | CR25: U024_i7-U024_i5 | CS25: OvationSolo_RNASeq_BC024 | CT25: TwinSDP724-TwinSDP524 | CV25: Twist_UDI_plateA_H03_i7-Twist_UDI_plateA_H03_i5 | CW25: T524 | CX25: B702-B508 | CY25: D703rc-D508 | CZ25: Ad2.24 | DA25: v2_Ad2.24-v2_Ad1.24 | DC25: SA703-SA508
D26: A04 | E26: C01 | F26: I02 | G26: B01 | H26: G03 | I26: C07 | J26: E03 | K26: C05 | L26: C01 | Q26: MNase-Seq | U26: Illumina-Made_by_IDT_for_Illumina-Nextera_UDP_v1 | W26: SI_NN7_C01-SI_NN5_C01 | X26: SI_NT7_C01-SI_NT5_C01 | Y26: SI_TN7_C01-SI_TN5_C01 | Z26: SI_TS7_C01-SI_TS5_C01 | AA26: SI_TT7_C01-SI_TT5_C01 | AB26: SI-NA-A4 | AC26: SI-GA-C1 | AD26: HaloPlex_Blue_A04 | AE26: SSXTHS725 | AF26: SSXTHSV27025-SSXTHSV25025 | AG26: SSXTLI7025 | AH26: SSXT704A | AK26: BROAD_sgRNA_C01 | AL26: BRD702-BRD501 | AM26: Diag_Set2_UDI_28_i7-Diag_Set2_UDI_28_i5 | AP26: CUTANA_i704-CUTANA_i501 | AQ26: GenDx025_I701-I502 | AR26: i7DSP0003-i5DSP0003 | AS26: HIVE_V1_i7_C-01_HIVE_V1_i5 | AT26: HIVE_V2_i7_A04-HIVE_V2_i5_A04 | AU26: UDP70025-UDP50025 | AV26: UDP70025-UDP50025 | AW26: UDP70025-UDP50025 | AX26: UDI70025-UDI50025 | AY26: UDI70025-UDI50025 | AZ26: H702-H507 | BA26: N702-E507 | BB26: N702-N507 | BC26: N702-S507 | BD26: D704-D501 | BF26: RPI25 | BG26: A704-A501 | BH26: IDTN7025-IDTN5025 | BI26: IDT_10nt_UDI_i7_025-IDT_10nt_UDI_i5_025 | BJ26: IDT725-IDT525 | BK26: IDTU725-IDTU525 | BL26: IDTU7025-IDTU5025 | BM26: IDTMU725-IDTMU525 | BN26: 01C_Methylv2_TS_UDI_UMI_IDT8nt_i7_25-Methylv2_TS_UDI_UMI_IDT8nt_i5_25 | BP26: MGI25_A04_Barcode_65 | BQ26: MGI_Barcode1_UDB_025-MGI_Barcode2_UDB_025 | BS26: mloop_i7_25-mloop_i5_25 | BT26: NEBNextDi702-NEBNextDi509 | BU26: NEBEM7_A4-NEBEM5_A4 | BV26: NEBEM7_A1-NEBEM5_A1 | BW26: NEBNextSI7Set3_S17 | BX26: NEBNXT_P25 | BY26: NEBNextUDI7_A04-NEBNextUDI5_A04 | BZ26: NEBNextUDI7Set2_A04-NEBNextUDI5Set2_A04 | CA26: NEBNextUDI7Set3_A04-NEBNextUDI5Set3_A04 | CB26: NEBNextUDI7Set4_A04-NEBNextUDI5Set4_A04 | CC26: OMIXA025 | CD26: BC25 | CF26: PBio_WT25_A4_i7-PBio_WT25_A4_i5 | CG26: BioO_NextFlexChIPSeq_25 | CH26: BioOHT_25 | CJ26: i7RUDI_025-i5RUDI_025 | CK26: QIAUDI7025-QIAUDI5025 | CL26: QIASeq_miRNA_MIHT25 | CM26: QIAmiRNA_IDP25 | CN26: i7QDIY025-i5QDIY025 | CO26: KAPA_UDI25_A04_i7-KAPA_UDI25_A04_i5 | CP26: SBX_X103-SBX_X007 | CQ26: SU7025-SU5025 | CR26: U025_i7-U025_i5 | CS26: OvationSolo_RNASeq_BC025 | CT26: TwinSDP725-TwinSDP525 | CV26: Twist_UDI_plateA_A04_i7-Twist_UDI_plateA_A04_i5 | CX26: B702-B509 | CY26: D704rc-D501 | DA26: v2_Ad2.25-v2_Ad1.25 | DC26: SA704-SA501
D27: B04 | E27: C02 | F27: J02 | G27: B02 | H27: H03 | I27: C08 | J27: F03 | K27: C06 | L27: D01 | Q27: TELL-Seq | U27: Illumina-Made_by_IDT_for_Illumina-Nextera_UDP_v2 | W27: SI_NN7_C02-SI_NN5_C02 | X27: SI_NT7_C02-SI_NT5_C02 | Y27: SI_TN7_C02-SI_TN5_C02 | Z27: SI_TS7_C02-SI_TS5_C02 | AA27: SI_TT7_C02-SI_TT5_C02 | AB27: SI-NA-B4 | AC27: SI-GA-C2 | AD27: HaloPlex_Blue_B04 | AE27: SSXTHS726 | AF27: SSXTHSV27026-SSXTHSV25026 | AG27: SSXTLI7026 | AH27: SSXT704B | AK27: BROAD_sgRNA_C02 | AL27: BRD702-BRD502 | AM27: Diag_Set2_UDI_29_i7-Diag_Set2_UDI_29_i5 | AP27: CUTANA_i704-CUTANA_i502 | AQ27: GenDx026_I702-I502 | AR27: i7DSP0004-i5DSP0004 | AS27: HIVE_V1_i7_C-02_HIVE_V1_i5 | AT27: HIVE_V2_i7_B04-HIVE_V2_i5_B04 | AU27: UDP70026-UDP50026 | AV27: UDP70026-UDP50026 | AW27: UDP70026-UDP50026 | AX27: UDI70026-UDI50026 | AY27: UDI70026-UDI50026 | AZ27: H702-H508 | BA27: N702-E508 | BB27: N702-N508 | BC27: N702-S508 | BD27: D704-D502 | BF27: RPI26 | BG27: A704-A502 | BH27: IDTN7026-IDTN5026 | BI27: IDT_10nt_UDI_i7_026-IDT_10nt_UDI_i5_026 | BJ27: IDT726-IDT526 | BK27: IDTU726-IDTU526 | BL27: IDTU7026-IDTU5026 | BM27: IDTMU726-IDTMU526 | BN27: 02C_Methylv2_TS_UDI_UMI_IDT8nt_i7_26-Methylv2_TS_UDI_UMI_IDT8nt_i5_26 | BP27: MGI26_B04_Barcode_66 | BQ27: MGI_Barcode1_UDB_026-MGI_Barcode2_UDB_026 | BS27: mloop_i7_26-mloop_i5_26 | BT27: NEBNextDi702-NEBNextDi510 | BU27: NEBEM7_B4-NEBEM5_B4 | BV27: NEBEM7_B1-NEBEM5_B1 | BW27: NEBNextSI7Set3_S24 | BX27: NEBNXT_P26 | BY27: NEBNextUDI7_B04-NEBNextUDI5_B04 | BZ27: NEBNextUDI7Set2_B04-NEBNextUDI5Set2_B04 | CA27: NEBNextUDI7Set3_B04-NEBNextUDI5Set3_B04 | CB27: NEBNextUDI7Set4_B04-NEBNextUDI5Set4_B04 | CC27: OMIXA026 | CD27: BC26 | CF27: PBio_WT26_B4_i7-PBio_WT26_B4_i5 | CG27: BioO_NextFlexChIPSeq_26 | CH27: BioOHT_26 | CJ27: i7RUDI_026-i5RUDI_026 | CK27: QIAUDI7026-QIAUDI5026 | CL27: QIASeq_miRNA_MIHT26 | CM27: QIAmiRNA_IDP26 | CN27: i7QDIY026-i5QDIY026 | CO27: KAPA_UDI26_B04_i7-KAPA_UDI26_B04_i5 | CP27: SBX_X103-SBX_X060 | CQ27: SU7026-SU5026 | CR27: U026_i7-U026_i5 | CS27: OvationSolo_RNASeq_BC026 | CT27: TwinSDP726-TwinSDP526 | CV27: Twist_UDI_plateA_B04_i7-Twist_UDI_plateA_B04_i5 | CX27: B702-B510 | CY27: D704rc-D502 | DA27: v2_Ad2.26-v2_Ad1.26 | DC27: SA704-SA502
D28: C04 | E28: C03 | F28: K02 | G28: B03 | H28: I03 | I28: C09 | J28: G03 | K28: C07 | L28: E01 | Q28: SHARE-Seq_ATAC | U28: Illumina-Made_by_IDT_for_Illumina-Nextera_UDP_v3 | W28: SI_NN7_C03-SI_NN5_C03 | X28: SI_NT7_C03-SI_NT5_C03 | Y28: SI_TN7_C03-SI_TN5_C03 | Z28: SI_TS7_C03-SI_TS5_C03 | AA28: SI_TT7_C03-SI_TT5_C03 | AB28: SI-NA-C4 | AC28: SI-GA-C3 | AD28: HaloPlex_Blue_C04 | AE28: SSXTHS727 | AF28: SSXTHSV27027-SSXTHSV25027 | AG28: SSXTLI7027 | AH28: SSXT704C | AK28: BROAD_sgRNA_C03 | AL28: BRD702-BRD503 | AM28: Diag_Set2_UDI_30_i7-Diag_Set2_UDI_30_i5 | AP28: CUTANA_i704-CUTANA_i503 | AQ28: GenDx027_I701-I506 | AR28: i7DSP0005-i5DSP0005 | AS28: HIVE_V1_i7_C-03_HIVE_V1_i5 | AT28: HIVE_V2_i7_C04-HIVE_V2_i5_C04 | AU28: UDP70027-UDP50027 | AV28: UDP70027-UDP50027 | AW28: UDP70027-UDP50027 | AX28: UDI70027-UDI50027 | AY28: UDI70027-UDI50027 | AZ28: H702-H510 | BA28: N702-E510 | BB28: N702-N510 | BC28: N702-S510 | BD28: D704-D503 | BF28: RPI27 | BG28: A704-A503 | BH28: IDTN7027-IDTN5027 | BI28: IDT_10nt_UDI_i7_027-IDT_10nt_UDI_i5_027 | BJ28: IDT727-IDT527 | BK28: IDTU727-IDTU527 | BL28: IDTU7027-IDTU5027 | BM28: IDTMU727-IDTMU527 | BN28: 03C_Methylv2_TS_UDI_UMI_IDT8nt_i7_27-Methylv2_TS_UDI_UMI_IDT8nt_i5_27 | BP28: MGI27_C04_Barcode_67 | BQ28: MGI_Barcode1_UDB_027-MGI_Barcode2_UDB_027 | BS28: mloop_i7_27-mloop_i5_27 | BT28: NEBNextDi702-NEBNextDi511 | BU28: NEBEM7_C4-NEBEM5_C4 | BV28: NEBEM7_C1-NEBEM5_C1 | BW28: NEBNextSI7Set3_S26 | BX28: NEBNXT_P27 | BY28: NEBNextUDI7_C04-NEBNextUDI5_C04 | BZ28: NEBNextUDI7Set2_C04-NEBNextUDI5Set2_C04 | CA28: NEBNextUDI7Set3_C04-NEBNextUDI5Set3_C04 | CB28: NEBNextUDI7Set4_C04-NEBNextUDI5Set4_C04 | CC28: OMIXA027 | CD28: BC27 | CF28: PBio_WT27_C4_i7-PBio_WT27_C4_i5 | CG28: BioO_NextFlexChIPSeq_27 | CH28: BioOHT_27 | CJ28: i7RUDI_027-i5RUDI_027 | CK28: QIAUDI7027-QIAUDI5027 | CL28: QIASeq_miRNA_MIHT27 | CM28: QIAmiRNA_IDP27 | CN28: i7QDIY027-i5QDIY027 | CO28: KAPA_UDI27_C04_i7-KAPA_UDI27_C04_i5 | CP28: SBX_X103-SBX_X079 | CQ28: SU7027-SU5027 | CR28: U027_i7-U027_i5 | CS28: OvationSolo_RNASeq_BC027 | CT28: TwinSDP727-TwinSDP527 | CV28: Twist_UDI_plateA_C04_i7-Twist_UDI_plateA_C04_i5 | CX28: B702-B511 | CY28: D704rc-D503 | DA28: v2_Ad2.27-v2_Ad1.27 | DC28: SA704-SA503
D29: D04 | E29: C04 | F29: L02 | G29: B04 | H29: A04 | I29: D01 | J29: H03 | K29: C08 | L29: F01 | Q29: SHARE-Seq_RNA | S29: Olink_Explore_Panel | U29: Illumina-Made_by_IDT_for_Illumina-Truseq_UDI_v1 | W29: SI_NN7_C04-SI_NN5_C04 | X29: SI_NT7_C04-SI_NT5_C04 | Y29: SI_TN7_C04-SI_TN5_C04 | Z29: SI_TS7_C04-SI_TS5_C04 | AA29: SI_TT7_C04-SI_TT5_C04 | AB29: SI-NA-D4 | AC29: SI-GA-C4 | AD29: HaloPlex_Blue_D04 | AE29: SSXTHS728 | AF29: SSXTHSV27028-SSXTHSV25028 | AG29: SSXTLI7028 | AH29: SSXT704D | AK29: BROAD_sgRNA_C04 | AL29: BRD702-BRD504 | AM29: Diag_Set2_UDI_31_i7-Diag_Set2_UDI_31_i5 | AP29: CUTANA_i704-CUTANA_i504 | AQ29: GenDx028_I702-I506 | AR29: i7DSP0006-i5DSP0006 | AS29: HIVE_V1_i7_C-04_HIVE_V1_i5 | AT29: HIVE_V2_i7_D04-HIVE_V2_i5_D04 | AU29: UDP70028-UDP50028 | AV29: UDP70028-UDP50028 | AW29: UDP70028-UDP50028 | AX29: UDI70028-UDI50028 | AY29: UDI70028-UDI50028 | AZ29: H702-H511 | BA29: N702-E511 | BB29: N702-N511 | BC29: N702-S511 | BD29: D704-D504 | BF29: RPI28 | BG29: A704-A504 | BH29: IDTN7028-IDTN5028 | BI29: IDT_10nt_UDI_i7_028-IDT_10nt_UDI_i5_028 | BJ29: IDT728-IDT528 | BK29: IDTU728-IDTU528 | BL29: IDTU7028-IDTU5028 | BM29: IDTMU728-IDTMU528 | BN29: 04C_Methylv2_TS_UDI_UMI_IDT8nt_i7_28-Methylv2_TS_UDI_UMI_IDT8nt_i5_28 | BP29: MGI28_D04_Barcode_68 | BQ29: MGI_Barcode1_UDB_028-MGI_Barcode2_UDB_028 | BS29: mloop_i7_28-mloop_i5_28 | BT29: NEBNextDi702-NEBNextDi512 | BU29: NEBEM7_D4-NEBEM5_D4 | BV29: NEBEM7_D1-NEBEM5_D1 | BW29: NEBNextSI7Set3_S28 | BX29: NEBNXT_P28 | BY29: NEBNextUDI7_D04-NEBNextUDI5_D04 | BZ29: NEBNextUDI7Set2_D04-NEBNextUDI5Set2_D04 | CA29: NEBNextUDI7Set3_D04-NEBNextUDI5Set3_D04 | CB29: NEBNextUDI7Set4_D04-NEBNextUDI5Set4_D04 | CC29: OMIXA028 | CD29: BC28 | CF29: PBio_WT28_D4_i7-PBio_WT28_D4_i5 | CG29: BioO_NextFlexChIPSeq_28 | CH29: BioOHT_28 | CJ29: i7RUDI_028-i5RUDI_028 | CK29: QIAUDI7028-QIAUDI5028 | CL29: QIASeq_miRNA_MIHT28 | CM29: QIAmiRNA_IDP28 | CN29: i7QDIY028-i5QDIY028 | CO29: KAPA_UDI28_D04_i7-KAPA_UDI28_D04_i5 | CP29: SBX_X103-SBX_X089 | CQ29: SU7028-SU5028 | CR29: U028_i7-U028_i5 | CS29: OvationSolo_RNASeq_BC028 | CT29: TwinSDP728-TwinSDP528 | CV29: Twist_UDI_plateA_D04_i7-Twist_UDI_plateA_D04_i5 | CX29: B702-B512 | CY29: D704rc-D504 | DA29: v2_Ad2.28-v2_Ad1.28 | DC29: SA704-SA504
C30: Coords order | D30: E04 | E30: C05 | F30: M02 | G30: B05 | H30: B04 | I30: D02 | J30: I03 | K30: C09 | Q30: Olink_Explore_HT | S30: Cardiometabolic | U30: Illumina-Made_by_IDT_for_Illumina-Truseq_UDI_v2 | W30: SI_NN7_C05-SI_NN5_C05 | X30: SI_NT7_C05-SI_NT5_C05 | Y30: SI_TN7_C05-SI_TN5_C05 | Z30: SI_TS7_C05-SI_TS5_C05 | AA30: SI_TT7_C05-SI_TT5_C05 | AB30: SI-NA-E4 | AC30: SI-GA-C5 | AD30: HaloPlex_Blue_E04 | AE30: SSXTHS729 | AF30: SSXTHSV27029-SSXTHSV25029 | AG30: SSXTLI7029 | AH30: SSXT704E | AK30: BROAD_sgRNA_C05 | AL30: BRD702-BRD505 | AM30: Diag_Set2_UDI_32_i7-Diag_Set2_UDI_32_i5 | AP30: CUTANA_i704-CUTANA_i505 | AQ30: GenDx029_I703-I510 | AR30: i7DSP0007-i5DSP0007 | AS30: HIVE_V1_i7_C-05_HIVE_V1_i5 | AT30: HIVE_V2_i7_E04-HIVE_V2_i5_E04 | AU30: UDP70029-UDP50029 | AV30: UDP70029-UDP50029 | AW30: UDP70029-UDP50029 | AX30: UDI70029-UDI50029 | AY30: UDI70029-UDI50029 | AZ30: H702-H513 | BA30: N702-E513 | BB30: N702-N513 | BC30: N702-S513 | BD30: D704-D505 | BF30: RPI29 | BG30: A704-A505 | BH30: IDTN7029-IDTN5029 | BI30: IDT_10nt_UDI_i7_029-IDT_10nt_UDI_i5_029 | BJ30: IDT729-IDT529 | BK30: IDTU729-IDTU529 | BL30: IDTU7029-IDTU5029 | BM30: IDTMU729-IDTMU529 | BN30: 05C_Methylv2_TS_UDI_UMI_IDT8nt_i7_29-Methylv2_TS_UDI_UMI_IDT8nt_i5_29 | BP30: MGI29_E04_Barcode_69 | BQ30: MGI_Barcode1_UDB_029-MGI_Barcode2_UDB_029 | BS30: mloop_i7_29-mloop_i5_29 | BT30: NEBNextDi702-NEBNextDi513 | BU30: NEBEM7_E4-NEBEM5_E4 | BV30: NEBEM7_E1-NEBEM5_E1 | BW30: NEBNextSI7Set3_S29 | BX30: NEBNXT_P29 | BY30: NEBNextUDI7_E04-NEBNextUDI5_E04 | BZ30: NEBNextUDI7Set2_E04-NEBNextUDI5Set2_E04 | CA30: NEBNextUDI7Set3_E04-NEBNextUDI5Set3_E04 | CB30: NEBNextUDI7Set4_E04-NEBNextUDI5Set4_E04 | CC30: OMIXA029 | CD30: BC29 | CF30: PBio_WT29_E4_i7-PBio_WT29_E4_i5 | CG30: BioO_NextFlexChIPSeq_29 | CH30: BioOHT_29 | CJ30: i7RUDI_029-i5RUDI_029 | CK30: QIAUDI7029-QIAUDI5029 | CL30: QIASeq_miRNA_MIHT29 | CM30: QIAmiRNA_IDP29 | CN30: i7QDIY029-i5QDIY029 | CO30: KAPA_UDI29_E04_i7-KAPA_UDI29_E04_i5 | CP30: SBX_X103-SBX_X021 | CQ30: SU7029-SU5029 | CR30: U029_i7-U029_i5 | CS30: OvationSolo_RNASeq_BC029 | CT30: TwinSDP729-TwinSDP529 | CV30: Twist_UDI_plateA_E04_i7-Twist_UDI_plateA_E04_i5 | CX30: B702-B513 | CY30: D704rc-D505 | DA30: v2_Ad2.29-v2_Ad1.29 | DC30: SA704-SA505
C31: Column | D31: F04 | E31: C06 | F31: N02 | G31: B06 | H31: C04 | I31: D03 | J31: J03 | K31: C10 | L31: _Tube Strip 7x1 | Q31: Olink_Explore_3072 | S31: Cardiometabolic II | U31: Illumina-Nextera_DNA_CD_Indexes_combinatorial_dual | W31: SI_NN7_C06-SI_NN5_C06 | X31: SI_NT7_C06-SI_NT5_C06 | Y31: SI_TN7_C06-SI_TN5_C06 | Z31: SI_TS7_C06-SI_TS5_C06 | AA31: SI_TT7_C06-SI_TT5_C06 | AB31: SI-NA-F4 | AC31: SI-GA-C6 | AD31: HaloPlex_Blue_F04 | AE31: SSXTHS730 | AF31: SSXTHSV27030-SSXTHSV25030 | AG31: SSXTLI7030 | AH31: SSXT704F | AK31: BROAD_sgRNA_C06 | AL31: BRD702-BRD506 | AM31: Diag_Set2_UDI_33_i7-Diag_Set2_UDI_33_i5 | AP31: CUTANA_i704-CUTANA_i506 | AQ31: GenDx030_I704-I510 | AR31: i7DSP0008-i5DSP0008 | AS31: HIVE_V1_i7_C-06_HIVE_V1_i5 | AT31: HIVE_V2_i7_F04-HIVE_V2_i5_F04 | AU31: UDP70030-UDP50030 | AV31: UDP70030-UDP50030 | AW31: UDP70030-UDP50030 | AX31: UDI70030-UDI50030 | AY31: UDI70030-UDI50030 | AZ31: H702-H515 | BA31: N702-E515 | BB31: N702-N515 | BC31: N702-S515 | BD31: D704-D506 | BF31: RPI30 | BG31: A704-A506 | BH31: IDTN7030-IDTN5030 | BI31: IDT_10nt_UDI_i7_030-IDT_10nt_UDI_i5_030 | BJ31: IDT730-IDT530 | BK31: IDTU730-IDTU530 | BL31: IDTU7030-IDTU5030 | BM31: IDTMU730-IDTMU530 | BN31: 06C_Methylv2_TS_UDI_UMI_IDT8nt_i7_30-Methylv2_TS_UDI_UMI_IDT8nt_i5_30 | BP31: MGI30_F04_Barcode_70 | BQ31: MGI_Barcode1_UDB_030-MGI_Barcode2_UDB_030 | BS31: mloop_i7_30-mloop_i5_30 | BT31: NEBNextDi702-NEBNextDi514 | BU31: NEBEM7_F4-NEBEM5_F4 | BV31: NEBEM7_F1-NEBEM5_F1 | BW31: NEBNextSI7Set3_S31 | BX31: NEBNXT_P30 | BY31: NEBNextUDI7_F04-NEBNextUDI5_F04 | BZ31: NEBNextUDI7Set2_F04-NEBNextUDI5Set2_F04 | CA31: NEBNextUDI7Set3_F04-NEBNextUDI5Set3_F04 | CB31: NEBNextUDI7Set4_F04-NEBNextUDI5Set4_F04 | CC31: OMIXA030 | CD31: BC30 | CF31: PBio_WT30_F4_i7-PBio_WT30_F4_i5 | CG31: BioO_NextFlexChIPSeq_30 | CH31: BioOHT_30 | CJ31: i7RUDI_030-i5RUDI_030 | CK31: QIAUDI7030-QIAUDI5030 | CL31: QIASeq_miRNA_MIHT30 | CM31: QIAmiRNA_IDP30 | CN31: i7QDIY030-i5QDIY030 | CO31: KAPA_UDI30_F04_i7-KAPA_UDI30_F04_i5 | CP31: SBX_X103-SBX_X024 | CQ31: SU7030-SU5030 | CR31: U030_i7-U030_i5 | CS31: OvationSolo_RNASeq_BC030 | CT31: TwinSDP730-TwinSDP530 | CV31: Twist_UDI_plateA_F04_i7-Twist_UDI_plateA_F04_i5 | CX31: B702-B514 | CY31: D704rc-D506 | DA31: v2_Ad2.30-v2_Ad1.30 | DC31: SA704-SA506
C32: Row | D32: G04 | E32: C07 | F32: O02 | G32: B07 | H32: D04 | I32: D04 | J32: A04 | K32: D01 | L32: A01 | Q32: Olink_Explore_384 | S32: Inflammation | U32: Illumina-Nextera_Rapid_Capture_Custom_Enrichment_Kit | W32: SI_NN7_C07-SI_NN5_C07 | X32: SI_NT7_C07-SI_NT5_C07 | Y32: SI_TN7_C07-SI_TN5_C07 | Z32: SI_TS7_C07-SI_TS5_C07 | AA32: SI_TT7_C07-SI_TT5_C07 | AB32: SI-NA-G4 | AC32: SI-GA-C7 | AD32: HaloPlex_Blue_G04 | AE32: SSXTHS731 | AF32: SSXTHSV27031-SSXTHSV25031 | AG32: SSXTLI7031 | AH32: SSXT704G | AK32: BROAD_sgRNA_C07 | AL32: BRD702-BRD507 | AM32: Diag_Set2_UDI_35_i7-Diag_Set2_UDI_35_i5 | AP32: CUTANA_i704-CUTANA_i507 | AQ32: GenDx031_I703-I514 | AR32: i7DSP0009-i5DSP0009 | AS32: HIVE_V1_i7_C-07_HIVE_V1_i5 | AT32: HIVE_V2_i7_G04-HIVE_V2_i5_G04 | AU32: UDP70031-UDP50031 | AV32: UDP70031-UDP50031 | AW32: UDP70031-UDP50031 | AX32: UDI70031-UDI50031 | AY32: UDI70031-UDI50031 | AZ32: H702-H516 | BA32: N702-E516 | BB32: N702-N516 | BC32: N702-S516 | BD32: D704-D507 | BF32: RPI31 | BG32: A704-A507 | BH32: IDTN7031-IDTN5031 | BI32: IDT_10nt_UDI_i7_031-IDT_10nt_UDI_i5_031 | BJ32: IDT731-IDT531 | BK32: IDTU731-IDTU531 | BL32: IDTU7031-IDTU5031 | BM32: IDTMU731-IDTMU531 | BN32: 07C_Methylv2_TS_UDI_UMI_IDT8nt_i7_31-Methylv2_TS_UDI_UMI_IDT8nt_i5_31 | BP32: MGI31_G04_Barcode_71 | BQ32: MGI_Barcode1_UDB_031-MGI_Barcode2_UDB_031 | BS32: mloop_i7_31-mloop_i5_31 | BT32: NEBNextDi702-NEBNextDi515 | BU32: NEBEM7_G4-NEBEM5_G4 | BV32: NEBEM7_G1-NEBEM5_G1 | BW32: NEBNextSI7Set3_S32 | BX32: NEBNXT_P31 | BY32: NEBNextUDI7_G04-NEBNextUDI5_G04 | BZ32: NEBNextUDI7Set2_G04-NEBNextUDI5Set2_G04 | CA32: NEBNextUDI7Set3_G04-NEBNextUDI5Set3_G04 | CB32: NEBNextUDI7Set4_G04-NEBNextUDI5Set4_G04 | CC32: OMIXA031 | CD32: BC31 | CF32: PBio_WT31_G4_i7-PBio_WT31_G4_i5 | CG32: BioO_NextFlexChIPSeq_31 | CH32: BioOHT_31 | CJ32: i7RUDI_031-i5RUDI_031 | CK32: QIAUDI7031-QIAUDI5031 | CL32: QIASeq_miRNA_MIHT31 | CM32: QIAmiRNA_IDP31 | CN32: i7QDIY031-i5QDIY031 | CO32: KAPA_UDI31_G04_i7-KAPA_UDI31_G04_i5 | CP32: SBX_X103-SBX_X038 | CQ32: SU7031-SU5031 | CR32: U031_i7-U031_i5 | CS32: OvationSolo_RNASeq_BC031 | CT32: TwinSDP731-TwinSDP531 | CV32: Twist_UDI_plateA_G04_i7-Twist_UDI_plateA_G04_i5 | CX32: B702-B515 | CY32: D704rc-D507 | DA32: v2_Ad2.31-v2_Ad1.31 | DC32: SA704-SA507
D33: H04 | E33: C08 | F33: P02 | G33: B08 | H33: E04 | I33: D05 | J33: B04 | K33: D02 | L33: B01 | Q33: Olink_Reveal | S33: Inflammation II | U33: Illumina-Nextera_XT_Index_Kit | W33: SI_NN7_C08-SI_NN5_C08 | X33: SI_NT7_C08-SI_NT5_C08 | Y33: SI_TN7_C08-SI_TN5_C08 | Z33: SI_TS7_C08-SI_TS5_C08 | AA33: SI_TT7_C08-SI_TT5_C08 | AB33: SI-NA-H4 | AC33: SI-GA-C8 | AD33: HaloPlex_Blue_H04 | AE33: SSXTHS732 | AF33: SSXTHSV27032-SSXTHSV25032 | AG33: SSXTLI7032 | AH33: SSXT704H | AK33: BROAD_sgRNA_C08 | AL33: BRD702-BRD508 | AM33: Diag_Set2_UDI_36_i7-Diag_Set2_UDI_36_i5 | AP33: CUTANA_i704-CUTANA_i508 | AQ33: GenDx032_I704-I514 | AR33: i7DSP0010-i5DSP0010 | AS33: HIVE_V1_i7_C-08_HIVE_V1_i5 | AT33: HIVE_V2_i7_H04-HIVE_V2_i5_H04 | AU33: UDP70032-UDP50032 | AV33: UDP70032-UDP50032 | AW33: UDP70032-UDP50032 | AX33: UDI70032-UDI50032 | AY33: UDI70032-UDI50032 | AZ33: H702-H517 | BA33: N702-E517 | BB33: N702-N517 | BC33: N702-S517 | BD33: D704-D508 | BF33: RPI32 | BG33: A704-A508 | BH33: IDTN7032-IDTN5032 | BI33: IDT_10nt_UDI_i7_032-IDT_10nt_UDI_i5_032 | BJ33: IDT732-IDT532 | BK33: IDTU732-IDTU532 | BL33: IDTU7032-IDTU5032 | BM33: IDTMU732-IDTMU532 | BN33: 08C_Methylv2_TS_UDI_UMI_IDT8nt_i7_32-Methylv2_TS_UDI_UMI_IDT8nt_i5_32 | BP33: MGI32_H04_Barcode_72 | BQ33: MGI_Barcode1_UDB_032-MGI_Barcode2_UDB_032 | BS33: mloop_i7_32-mloop_i5_32 | BT33: NEBNextDi702-NEBNextDi516 | BU33: NEBEM7_H4-NEBEM5_H4 | BV33: NEBEM7_H1-NEBEM5_H1 | BW33: NEBNextSI7Set3_S33 | BX33: NEBNXT_P32 | BY33: NEBNextUDI7_H04-NEBNextUDI5_H04 | BZ33: NEBNextUDI7Set2_H04-NEBNextUDI5Set2_H04 | CA33: NEBNextUDI7Set3_H04-NEBNextUDI5Set3_H04 | CB33: NEBNextUDI7Set4_H04-NEBNextUDI5Set4_H04 | CC33: OMIXA032 | CD33: BC32 | CF33: PBio_WT32_H4_i7-PBio_WT32_H4_i5 | CG33: BioO_NextFlexChIPSeq_32 | CH33: BioOHT_32 | CJ33: i7RUDI_032-i5RUDI_032 | CK33: QIAUDI7032-QIAUDI5032 | CL33: QIASeq_miRNA_MIHT32 | CM33: QIAmiRNA_IDP32 | CN33: i7QDIY032-i5QDIY032 | CO33: KAPA_UDI32_H04_i7-KAPA_UDI32_H04_i5 | CP33: SBX_X103-SBX_X044 | CQ33: SU7032-SU5032 | CR33: U032_i7-U032_i5 | CS33: OvationSolo_RNASeq_BC032 | CT33: TwinSDP732-TwinSDP532 | CV33: Twist_UDI_plateA_H04_i7-Twist_UDI_plateA_H04_i5 | CX33: B702-B516 | CY33: D704rc-D508 | DA33: v2_Ad2.32-v2_Ad1.32 | DC33: SA704-SA508
D34: A05 | E34: C09 | F34: A03 | G34: B09 | H34: F04 | I34: D06 | J34: C04 | K34: D03 | L34: C01 | S34: Neurology | U34: Illumina-Nextera_XT_Index_Kit_v2 | W34: SI_NN7_C09-SI_NN5_C09 | X34: SI_NT7_C09-SI_NT5_C09 | Y34: SI_TN7_C09-SI_TN5_C09 | Z34: SI_TS7_C09-SI_TS5_C09 | AA34: SI_TT7_C09-SI_TT5_C09 | AB34: SI-NA-A5 | AC34: SI-GA-C9 | AD34: HaloPlex_Blue_A05 | AF34: SSXTHSV27033-SSXTHSV25033 | AG34: SSXTLI7033 | AH34: SSXT705A | AK34: BROAD_sgRNA_C09 | AL34: BRD702-BRD509 | AM34: Diag_Set2_UDI_37_i7-Diag_Set2_UDI_37_i5 | AP34: CUTANA_i705-CUTANA_i501 | AQ34: GenDx033_I703-I502 | AR34: i7DSP0011-i5DSP0011 | AS34: HIVE_V1_i7_C-09_HIVE_V1_i5 | AT34: HIVE_V2_i7_A05-HIVE_V2_i5_A05 | AU34: UDP70033-UDP50033 | AV34: UDP70033-UDP50033 | AW34: UDP70033-UDP50033 | AX34: UDI70033-UDI50033 | AY34: UDI70033-UDI50033 | AZ34: H702-H518 | BA34: N702-E518 | BB34: N702-N518 | BC34: N702-S518 | BD34: D705-D501 | BF34: RPI33 | BG34: A705-A501 | BH34: IDTN7033-IDTN5033 | BI34: IDT_10nt_UDI_i7_033-IDT_10nt_UDI_i5_033 | BJ34: IDT733-IDT533 | BK34: IDTU733-IDTU533 | BL34: IDTU7033-IDTU5033 | BM34: IDTMU733-IDTMU533 | BN34: 09C_Methylv2_TS_UDI_UMI_IDT8nt_i7_33-Methylv2_TS_UDI_UMI_IDT8nt_i5_33 | BP34: MGI33_A05_Barcode_73 | BQ34: MGI_Barcode1_UDB_033-MGI_Barcode2_UDB_033 | BS34: mloop_i7_33-mloop_i5_33 | BT34: NEBNextDi703-NEBNextDi501 | BU34: NEBEM7_A5-NEBEM5_A5 | BV34: NEBEM7_A2-NEBEM5_A2 | BW34: NEBNextSI7Set3_S34 | BX34: NEBNXT_P33 | BY34: NEBNextUDI7_A05-NEBNextUDI5_A05 | BZ34: NEBNextUDI7Set2_A05-NEBNextUDI5Set2_A05 | CA34: NEBNextUDI7Set3_A05-NEBNextUDI5Set3_A05 | CB34: NEBNextUDI7Set4_A05-NEBNextUDI5Set4_A05 | CC34: OMIXA033 | CD34: BC33 | CF34: PBio_WT33_A5_i7-PBio_WT33_A5_i5 | CG34: BioO_NextFlexChIPSeq_33 | CH34: BioOHT_33 | CJ34: i7RUDI_033-i5RUDI_033 | CK34: QIAUDI7033-QIAUDI5033 | CL34: QIASeq_miRNA_MIHT33 | CM34: QIAmiRNA_IDP33 | CN34: i7QDIY033-i5QDIY033 | CO34: KAPA_UDI33_A05_i7-KAPA_UDI33_A05_i5 | CP34: SBX_X103-SBX_X048 | CQ34: SU7033-SU5033 | CR34: U033_i7-U033_i5 | CS34: OvationSolo_RNASeq_BC033 | CT34: TwinSDP733-TwinSDP533 | CV34: Twist_UDI_plateA_A05_i7-Twist_UDI_plateA_A05_i5 | CX34: B703-B501 | CY34: D705rc-D501 | DA34: v2_Ad2.33-v2_Ad1.33 | DC34: SA705-SA501
D35: B05 | E35: C10 | F35: B03 | G35: B10 | H35: G04 | I35: D07 | J35: D04 | K35: D04 | L35: D01 | S35: Neurology II | U35: Illumina-TruSeq_DNA_and_RNA_CD_Indexes | W35: SI_NN7_C10-SI_NN5_C10 | X35: SI_NT7_C10-SI_NT5_C10 | Y35: SI_TN7_C10-SI_TN5_C10 | Z35: SI_TS7_C10-SI_TS5_C10 | AA35: SI_TT7_C10-SI_TT5_C10 | AB35: SI-NA-B5 | AC35: SI-GA-C10 | AD35: HaloPlex_Blue_B05 | AF35: SSXTHSV27034-SSXTHSV25034 | AG35: SSXTLI7034 | AH35: SSXT705B | AK35: BROAD_sgRNA_C10 | AL35: BRD702-BRD510 | AM35: Diag_Set2_UDI_38_i7-Diag_Set2_UDI_38_i5 | AP35: CUTANA_i705-CUTANA_i502 | AQ35: GenDx034_I704-I502 | AR35: i7DSP0012-i5DSP0012 | AS35: HIVE_V1_i7_C-10_HIVE_V1_i5 | AT35: HIVE_V2_i7_B05-HIVE_V2_i5_B05 | AU35: UDP70034-UDP50034 | AV35: UDP70034-UDP50034 | AW35: UDP70034-UDP50034 | AX35: UDI70034-UDI50034 | AY35: UDI70034-UDI50034 | AZ35: H702-H520 | BA35: N702-E520 | BB35: N702-N520 | BC35: N702-S520 | BD35: D705-D502 | BF35: RPI34 | BG35: A705-A502 | BH35: IDTN7034-IDTN5034 | BI35: IDT_10nt_UDI_i7_034-IDT_10nt_UDI_i5_034 | BJ35: IDT734-IDT534 | BK35: IDTU734-IDTU534 | BL35: IDTU7034-IDTU5034 | BM35: IDTMU734-IDTMU534 | BN35: 10C_Methylv2_TS_UDI_UMI_IDT8nt_i7_34-Methylv2_TS_UDI_UMI_IDT8nt_i5_34 | BP35: MGI34_B05_Barcode_74 | BQ35: MGI_Barcode1_UDB_034-MGI_Barcode2_UDB_034 | BS35: mloop_i7_34-mloop_i5_34 | BT35: NEBNextDi703-NEBNextDi502 | BU35: NEBEM7_B5-NEBEM5_B5 | BV35: NEBEM7_B2-NEBEM5_B2 | BW35: NEBNextSI7Set3_S35 | BX35: NEBNXT_P34 | BY35: NEBNextUDI7_B05-NEBNextUDI5_B05 | BZ35: NEBNextUDI7Set2_B05-NEBNextUDI5Set2_B05 | CA35: NEBNextUDI7Set3_B05-NEBNextUDI5Set3_B05 | CB35: NEBNextUDI7Set4_B05-NEBNextUDI5Set4_B05 | CC35: OMIXA034 | CD35: BC34 | CF35: PBio_WT34_B5_i7-PBio_WT34_B5_i5 | CG35: BioO_NextFlexChIPSeq_34 | CH35: BioOHT_34 | CJ35: i7RUDI_034-i5RUDI_034 | CK35: QIAUDI7034-QIAUDI5034 | CL35: QIASeq_miRNA_MIHT34 | CM35: QIAmiRNA_IDP34 | CN35: i7QDIY034-i5QDIY034 | CO35: KAPA_UDI34_B05_i7-KAPA_UDI34_B05_i5 | CP35: SBX_X103-SBX_X055 | CQ35: SU7034-SU5034 | CR35: U034_i7-U034_i5 | CS35: OvationSolo_RNASeq_BC034 | CT35: TwinSDP734-TwinSDP534 | CV35: Twist_UDI_plateA_B05_i7-Twist_UDI_plateA_B05_i5 | CX35: B703-B502 | CY35: D705rc-D502 | DA35: v2_Ad2.34-v2_Ad1.34 | DC35: SA705-SA502
D36: C05 | E36: C11 | F36: C03 | G36: B11 | H36: H04 | I36: D08 | J36: E04 | K36: D05 | L36: E01 | S36: Oncology | U36: Illumina-TruSeq_Single_Indexes | W36: SI_NN7_C11-SI_NN5_C11 | X36: SI_NT7_C11-SI_NT5_C11 | Y36: SI_TN7_C11-SI_TN5_C11 | Z36: SI_TS7_C11-SI_TS5_C11 | AA36: SI_TT7_C11-SI_TT5_C11 | AB36: SI-NA-C5 | AC36: SI-GA-C11 | AD36: HaloPlex_Blue_C05 | AF36: SSXTHSV27035-SSXTHSV25035 | AG36: SSXTLI7035 | AH36: SSXT705C | AK36: BROAD_sgRNA_C11 | AL36: BRD702-BRD511 | AM36: Diag_Set2_UDI_40_i7-Diag_Set2_UDI_40_i5 | AP36: CUTANA_i705-CUTANA_i503 | AQ36: GenDx035_I703-I506 | AR36: i7DSP0013-i5DSP0013 | AS36: HIVE_V1_i7_C-11_HIVE_V1_i5 | AT36: HIVE_V2_i7_C05-HIVE_V2_i5_C05 | AU36: UDP70035-UDP50035 | AV36: UDP70035-UDP50035 | AW36: UDP70035-UDP50035 | AX36: UDI70035-UDI50035 | AY36: UDI70035-UDI50035 | AZ36: H702-H521 | BA36: N702-E521 | BB36: N702-N521 | BC36: N702-S521 | BD36: D705-D503 | BF36: RPI35 | BG36: A705-A503 | BH36: IDTN7035-IDTN5035 | BI36: IDT_10nt_UDI_i7_035-IDT_10nt_UDI_i5_035 | BJ36: IDT735-IDT535 | BK36: IDTU735-IDTU535 | BL36: IDTU7035-IDTU5035 | BM36: IDTMU735-IDTMU535 | BN36: 11C_Methylv2_TS_UDI_UMI_IDT8nt_i7_35-Methylv2_TS_UDI_UMI_IDT8nt_i5_35 | BP36: MGI35_C05_Barcode_75 | BQ36: MGI_Barcode1_UDB_035-MGI_Barcode2_UDB_035 | BS36: mloop_i7_35-mloop_i5_35 | BT36: NEBNextDi703-NEBNextDi503 | BU36: NEBEM7_C5-NEBEM5_C5 | BV36: NEBEM7_C2-NEBEM5_C2 | BW36: NEBNextSI7Set3_S36 | BX36: NEBNXT_P35 | BY36: NEBNextUDI7_C05-NEBNextUDI5_C05 | BZ36: NEBNextUDI7Set2_C05-NEBNextUDI5Set2_C05 | CA36: NEBNextUDI7Set3_C05-NEBNextUDI5Set3_C05 | CB36: NEBNextUDI7Set4_C05-NEBNextUDI5Set4_C05 | CC36: OMIXA035 | CD36: BC35 | CF36: PBio_WT35_C5_i7-PBio_WT35_C5_i5 | CG36: BioO_NextFlexChIPSeq_35 | CH36: BioOHT_35 | CJ36: i7RUDI_035-i5RUDI_035 | CK36: QIAUDI7035-QIAUDI5035 | CL36: QIASeq_miRNA_MIHT35 | CM36: QIAmiRNA_IDP35 | CN36: i7QDIY035-i5QDIY035 | CO36: KAPA_UDI35_C05_i7-KAPA_UDI35_C05_i5 | CP36: SBX_X103-SBX_X056 | CQ36: SU7035-SU5035 | CR36: U035_i7-U035_i5 | CS36: OvationSolo_RNASeq_BC035 | CT36: TwinSDP735-TwinSDP535 | CV36: Twist_UDI_plateA_C05_i7-Twist_UDI_plateA_C05_i5 | CX36: B703-B503 | CY36: D705rc-D503 | DA36: v2_Ad2.35-v2_Ad1.35 | DC36: SA705-SA503
D37: D05 | E37: C12 | F37: D03 | G37: B12 | H37: I04 | I37: D09 | J37: F04 | K37: D06 | L37: F01 | S37: Oncology II | U37: Illumina-TruSeq_Small_RNA | W37: SI_NN7_C12-SI_NN5_C12 | X37: SI_NT7_C12-SI_NT5_C12 | Y37: SI_TN7_C12-SI_TN5_C12 | Z37: SI_TS7_C12-SI_TS5_C12 | AA37: SI_TT7_C12-SI_TT5_C12 | AB37: SI-NA-D5 | AC37: SI-GA-C12 | AD37: HaloPlex_Blue_D05 | AF37: SSXTHSV27036-SSXTHSV25036 | AG37: SSXTLI7036 | AH37: SSXT705D | AK37: BROAD_sgRNA_C12 | AL37: BRD702-BRD512 | AM37: Diag_Set2_UDI_41_i7-Diag_Set2_UDI_41_i5 | AP37: CUTANA_i705-CUTANA_i504 | AQ37: GenDx036_I704-I506 | AR37: i7DSP0014-i5DSP0014 | AS37: HIVE_V1_i7_C-12_HIVE_V1_i5 | AT37: HIVE_V2_i7_D05-HIVE_V2_i5_D05 | AU37: UDP70036-UDP50036 | AV37: UDP70036-UDP50036 | AW37: UDP70036-UDP50036 | AX37: UDI70036-UDI50036 | AY37: UDI70036-UDI50036 | AZ37: H702-H522 | BA37: N702-E522 | BB37: N702-N522 | BC37: N702-S522 | BD37: D705-D504 | BF37: RPI36 | BG37: A705-A504 | BH37: IDTN7036-IDTN5036 | BI37: IDT_10nt_UDI_i7_036-IDT_10nt_UDI_i5_036 | BJ37: IDT736-IDT536 | BK37: IDTU736-IDTU536 | BL37: IDTU7036-IDTU5036 | BM37: IDTMU736-IDTMU536 | BN37: 12C_Methylv2_TS_UDI_UMI_IDT8nt_i7_36-Methylv2_TS_UDI_UMI_IDT8nt_i5_36 | BP37: MGI36_D05_Barcode_76 | BQ37: MGI_Barcode1_UDB_036-MGI_Barcode2_UDB_036 | BS37: mloop_i7_36-mloop_i5_36 | BT37: NEBNextDi703-NEBNextDi504 | BU37: NEBEM7_D5-NEBEM5_D5 | BV37: NEBEM7_D2-NEBEM5_D2 | BW37: NEBNextSI7Set3_S42 | BX37: NEBNXT_P36 | BY37: NEBNextUDI7_D05-NEBNextUDI5_D05 | BZ37: NEBNextUDI7Set2_D05-NEBNextUDI5Set2_D05 | CA37: NEBNextUDI7Set3_D05-NEBNextUDI5Set3_D05 | CB37: NEBNextUDI7Set4_D05-NEBNextUDI5Set4_D05 | CC37: OMIXA036 | CD37: BC36 | CF37: PBio_WT36_D5_i7-PBio_WT36_D5_i5 | CG37: BioO_NextFlexChIPSeq_36 | CH37: BioOHT_36 | CJ37: i7RUDI_036-i5RUDI_036 | CK37: QIAUDI7036-QIAUDI5036 | CL37: QIASeq_miRNA_MIHT36 | CM37: QIAmiRNA_IDP36 | CN37: i7QDIY036-i5QDIY036 | CO37: KAPA_UDI36_D05_i7-KAPA_UDI36_D05_i5 | CP37: SBX_X103-SBX_X083 | CQ37: SU7036-SU5036 | CR37: U036_i7-U036_i5 | CS37: OvationSolo_RNASeq_BC036 | CT37: TwinSDP736-TwinSDP536 | CV37: Twist_UDI_plateA_D05_i7-Twist_UDI_plateA_D05_i5 | CX37: B703-B504 | CY37: D705rc-D504 | DA37: v2_Ad2.36-v2_Ad1.36 | DC37: SA705-SA504
D38: E05 | E38: D01 | F38: E03 | G38: B13 | H38: A05 | I38: E01 | J38: G04 | K38: D07 | L38: G01 | U38: Illumina-TruSight_Amplicon_Panels | W38: SI_NN7_D01-SI_NN5_D01 | X38: SI_NT7_D01-SI_NT5_D01 | Y38: SI_TN7_D01-SI_TN5_D01 | Z38: SI_TS7_D01-SI_TS5_D01 | AA38: SI_TT7_D01-SI_TT5_D01 | AB38: SI-NA-E5 | AC38: SI-GA-D1 | AD38: HaloPlex_Blue_E05 | AF38: SSXTHSV27037-SSXTHSV25037 | AG38: SSXTLI7037 | AH38: SSXT705E | AK38: BROAD_sgRNA_D01 | AL38: BRD702-BRD513 | AM38: Diag_Set2_UDI_42_i7-Diag_Set2_UDI_42_i5 | AP38: CUTANA_i705-CUTANA_i505 | AQ38: GenDx037_I705-I510 | AR38: i7DSP0015-i5DSP0015 | AS38: HIVE_V1_i7_D-01_HIVE_V1_i5 | AT38: HIVE_V2_i7_E05-HIVE_V2_i5_E05 | AU38: UDP70037-UDP50037 | AV38: UDP70037-UDP50037 | AW38: UDP70037-UDP50037 | AX38: UDI70037-UDI50037 | AY38: UDI70037-UDI50037 | AZ38: H703-H501 | BA38: N703-E501 | BB38: N703-N501 | BC38: N703-S501 | BD38: D705-D505 | BF38: RPI37 | BG38: A705-A505 | BH38: IDTN7037-IDTN5037 | BI38: IDT_10nt_UDI_i7_037-IDT_10nt_UDI_i5_037 | BJ38: IDT737-IDT537 | BK38: IDTU737-IDTU537 | BL38: IDTU7037-IDTU5037 | BM38: IDTMU737-IDTMU537 | BN38: 01D_Methylv2_TS_UDI_UMI_IDT8nt_i7_37-Methylv2_TS_UDI_UMI_IDT8nt_i5_37 | BP38: MGI37_E05_Barcode_77 | BQ38: MGI_Barcode1_UDB_037-MGI_Barcode2_UDB_037 | BS38: mloop_i7_37-mloop_i5_37 | BT38: NEBNextDi703-NEBNextDi505 | BU38: NEBEM7_E5-NEBEM5_E5 | BV38: NEBEM7_E2-NEBEM5_E2 | BW38: NEBNextSI7Set4_S30 | BX38: NEBNXT_P37 | BY38: NEBNextUDI7_E05-NEBNextUDI5_E05 | BZ38: NEBNextUDI7Set2_E05-NEBNextUDI5Set2_E05 | CA38: NEBNextUDI7Set3_E05-NEBNextUDI5Set3_E05 | CB38: NEBNextUDI7Set4_E05-NEBNextUDI5Set4_E05 | CC38: OMIXA037 | CD38: BC37 | CF38: PBio_WT37_E5_i7-PBio_WT37_E5_i5 | CG38: BioO_NextFlexChIPSeq_37 | CH38: BioOHT_37 | CJ38: i7RUDI_037-i5RUDI_037 | CK38: QIAUDI7037-QIAUDI5037 | CL38: QIASeq_miRNA_MIHT37 | CM38: QIAmiRNA_IDP37 | CN38: i7QDIY037-i5QDIY037 | CO38: KAPA_UDI37_E05_i7-KAPA_UDI37_E05_i5 | CP38: SBX_X104-SBX_X007 | CQ38: SU7037-SU5037 | CR38: U037_i7-U037_i5 | CS38: OvationSolo_RNASeq_BC037 | CT38: TwinSDP737-TwinSDP537 | CV38: Twist_UDI_plateA_E05_i7-Twist_UDI_plateA_E05_i5 | CX38: B703-B505 | CY38: D705rc-D505 | DA38: v2_Ad2.37-v2_Ad1.37 | DC38: SA705-SA505
D39: F05 | E39: D02 | F39: F03 | G39: B14 | H39: B05 | I39: E02 | J39: H04 | K39: D08 | U39: Integrated_DNA_Technologies_IDT-xGen_Nextera_UDI-non-UMI_Adapters_8bp_3_digit | W39: SI_NN7_D02-SI_NN5_D02 | X39: SI_NT7_D02-SI_NT5_D02 | Y39: SI_TN7_D02-SI_TN5_D02 | Z39: SI_TS7_D02-SI_TS5_D02 | AA39: SI_TT7_D02-SI_TT5_D02 | AB39: SI-NA-F5 | AC39: SI-GA-D2 | AD39: HaloPlex_Blue_F05 | AF39: SSXTHSV27038-SSXTHSV25038 | AG39: SSXTLI7038 | AH39: SSXT705F | AK39: BROAD_sgRNA_D02 | AL39: BRD702-BRD514 | AM39: Diag_Set2_UDI_45_i7-Diag_Set2_UDI_45_i5 | AP39: CUTANA_i705-CUTANA_i506 | AQ39: GenDx038_I706-I510 | AR39: i7DSP0016-i5DSP0016 | AS39: HIVE_V1_i7_D-02_HIVE_V1_i5 | AT39: HIVE_V2_i7_F05-HIVE_V2_i5_F05 | AU39: UDP70038-UDP50038 | AV39: UDP70038-UDP50038 | AW39: UDP70038-UDP50038 | AX39: UDI70038-UDI50038 | AY39: UDI70038-UDI50038 | AZ39: H703-H502 | BA39: N703-E502 | BB39: N703-N502 | BC39: N703-S502 | BD39: D705-D506 | BF39: RPI38 | BG39: A705-A506 | BH39: IDTN7038-IDTN5038 | BI39: IDT_10nt_UDI_i7_038-IDT_10nt_UDI_i5_038 | BJ39: IDT738-IDT538 | BK39: IDTU738-IDTU538 | BL39: IDTU7038-IDTU5038 | BM39: IDTMU738-IDTMU538 | BN39: 02D_Methylv2_TS_UDI_UMI_IDT8nt_i7_38-Methylv2_TS_UDI_UMI_IDT8nt_i5_38 | BP39: MGI38_F05_Barcode_78 | BQ39: MGI_Barcode1_UDB_038-MGI_Barcode2_UDB_038 | BS39: mloop_i7_38-mloop_i5_38 | BT39: NEBNextDi703-NEBNextDi506 | BU39: NEBEM7_F5-NEBEM5_F5 | BV39: NEBEM7_F2-NEBEM5_F2 | BW39: NEBNextSI7Set4_S37 | BX39: NEBNXT_P38 | BY39: NEBNextUDI7_F05-NEBNextUDI5_F05 | BZ39: NEBNextUDI7Set2_F05-NEBNextUDI5Set2_F05 | CA39: NEBNextUDI7Set3_F05-NEBNextUDI5Set3_F05 | CB39: NEBNextUDI7Set4_F05-NEBNextUDI5Set4_F05 | CC39: OMIXA038 | CD39: BC38 | CF39: PBio_WT38_F5_i7-PBio_WT38_F5_i5 | CG39: BioO_NextFlexChIPSeq_38 | CH39: BioOHT_38 | CJ39: i7RUDI_038-i5RUDI_038 | CK39: QIAUDI7038-QIAUDI5038 | CL39: QIASeq_miRNA_MIHT38 | CM39: QIAmiRNA_IDP38 | CN39: i7QDIY038-i5QDIY038 | CO39: KAPA_UDI38_F05_i7-KAPA_UDI38_F05_i5 | CP39: SBX_X104-SBX_X060 | CQ39: SU7038-SU5038 | CR39: U038_i7-U038_i5 | CS39: OvationSolo_RNASeq_BC038 | CT39: TwinSDP738-TwinSDP538 | CV39: Twist_UDI_plateA_F05_i7-Twist_UDI_plateA_F05_i5 | CX39: B703-B506 | CY39: D705rc-D506 | DA39: v2_Ad2.38-v2_Ad1.38 | DC39: SA705-SA506
D40: G05 | E40: D03 | F40: G03 | G40: B15 | H40: C05 | I40: E03 | J40: I04 | K40: D09 | L40: _Tube Strip 8x1 | U40: Integrated_DNA_Technologies_IDT-xGen_UDI-non-UMI_Adapters_10bp_3_digit | W40: SI_NN7_D03-SI_NN5_D03 | X40: SI_NT7_D03-SI_NT5_D03 | Y40: SI_TN7_D03-SI_TN5_D03 | Z40: SI_TS7_D03-SI_TS5_D03 | AA40: SI_TT7_D03-SI_TT5_D03 | AB40: SI-NA-G5 | AC40: SI-GA-D3 | AD40: HaloPlex_Blue_G05 | AF40: SSXTHSV27039-SSXTHSV25039 | AG40: SSXTLI7039 | AH40: SSXT705G | AK40: BROAD_sgRNA_D03 | AL40: BRD702-BRD515 | AM40: Diag_Set2_UDI_46_i7-Diag_Set2_UDI_46_i5 | AP40: CUTANA_i705-CUTANA_i507 | AQ40: GenDx039_I705-I514 | AR40: i7DSP0017-i5DSP0017 | AS40: HIVE_V1_i7_D-03_HIVE_V1_i5 | AT40: HIVE_V2_i7_G05-HIVE_V2_i5_G05 | AU40: UDP70039-UDP50039 | AV40: UDP70039-UDP50039 | AW40: UDP70039-UDP50039 | AX40: UDI70039-UDI50039 | AY40: UDI70039-UDI50039 | AZ40: H703-H503 | BA40: N703-E503 | BB40: N703-N503 | BC40: N703-S503 | BD40: D705-D507 | BF40: RPI39 | BG40: A705-A507 | BH40: IDTN7039-IDTN5039 | BI40: IDT_10nt_UDI_i7_039-IDT_10nt_UDI_i5_039 | BJ40: IDT739-IDT539 | BK40: IDTU739-IDTU539 | BL40: IDTU7039-IDTU5039 | BM40: IDTMU739-IDTMU539 | BN40: 03D_Methylv2_TS_UDI_UMI_IDT8nt_i7_39-Methylv2_TS_UDI_UMI_IDT8nt_i5_39 | BP40: MGI39_G05_Barcode_79 | BQ40: MGI_Barcode1_UDB_039-MGI_Barcode2_UDB_039 | BS40: mloop_i7_39-mloop_i5_39 | BT40: NEBNextDi703-NEBNextDi507 | BU40: NEBEM7_G5-NEBEM5_G5 | BV40: NEBEM7_G2-NEBEM5_G2 | BW40: NEBNextSI7Set4_S38 | BX40: NEBNXT_P39 | BY40: NEBNextUDI7_G05-NEBNextUDI5_G05 | BZ40: NEBNextUDI7Set2_G05-NEBNextUDI5Set2_G05 | CA40: NEBNextUDI7Set3_G05-NEBNextUDI5Set3_G05 | CB40: NEBNextUDI7Set4_G05-NEBNextUDI5Set4_G05 | CC40: OMIXA039 | CD40: BC39 | CF40: PBio_WT39_G5_i7-PBio_WT39_G5_i5 | CG40: BioO_NextFlexChIPSeq_39 | CH40: BioOHT_39 | CJ40: i7RUDI_039-i5RUDI_039 | CK40: QIAUDI7039-QIAUDI5039 | CL40: QIASeq_miRNA_MIHT39 | CM40: QIAmiRNA_IDP39 | CN40: i7QDIY039-i5QDIY039 | CO40: KAPA_UDI39_G05_i7-KAPA_UDI39_G05_i5 | CP40: SBX_X104-SBX_X079 | CQ40: SU7039-SU5039 | CR40: U039_i7-U039_i5 | CS40: OvationSolo_RNASeq_BC039 | CT40: TwinSDP739-TwinSDP539 | CV40: Twist_UDI_plateA_G05_i7-Twist_UDI_plateA_G05_i5 | CX40: B703-B507 | CY40: D705rc-D507 | DA40: v2_Ad2.39-v2_Ad1.39 | DC40: SA705-SA507
D41: H05 | E41: D04 | F41: H03 | G41: B16 | H41: D05 | I41: E04 | J41: J04 | K41: D10 | L41: A01 | U41: Integrated_DNA_Technologies_IDT-xGen_UDI-non-UMI_Adapters_8bp_2_digit | W41: SI_NN7_D04-SI_NN5_D04 | X41: SI_NT7_D04-SI_NT5_D04 | Y41: SI_TN7_D04-SI_TN5_D04 | Z41: SI_TS7_D04-SI_TS5_D04 | AA41: SI_TT7_D04-SI_TT5_D04 | AB41: SI-NA-H5 | AC41: SI-GA-D4 | AD41: HaloPlex_Blue_H05 | AF41: SSXTHSV27040-SSXTHSV25040 | AG41: SSXTLI7040 | AH41: SSXT705H | AK41: BROAD_sgRNA_D04 | AL41: BRD702-BRD516 | AM41: Diag_Set2_UDI_47_i7-Diag_Set2_UDI_47_i5 | AP41: CUTANA_i705-CUTANA_i508 | AQ41: GenDx040_I706-I514 | AR41: i7DSP0018-i5DSP0018 | AS41: HIVE_V1_i7_D-04_HIVE_V1_i5 | AT41: HIVE_V2_i7_H05-HIVE_V2_i5_H05 | AU41: UDP70040-UDP50040 | AV41: UDP70040-UDP50040 | AW41: UDP70040-UDP50040 | AX41: UDI70040-UDI50040 | AY41: UDI70040-UDI50040 | AZ41: H703-H504 | BA41: N703-E504 | BB41: N703-N504 | BC41: N703-S504 | BD41: D705-D508 | BF41: RPI40 | BG41: A705-A508 | BH41: IDTN7040-IDTN5040 | BI41: IDT_10nt_UDI_i7_040-IDT_10nt_UDI_i5_040 | BJ41: IDT740-IDT540 | BK41: IDTU740-IDTU540 | BL41: IDTU7040-IDTU5040 | BM41: IDTMU740-IDTMU540 | BN41: 04D_Methylv2_TS_UDI_UMI_IDT8nt_i7_40-Methylv2_TS_UDI_UMI_IDT8nt_i5_40 | BP41: MGI40_H05_Barcode_80 | BQ41: MGI_Barcode1_UDB_040-MGI_Barcode2_UDB_040 | BS41: mloop_i7_40-mloop_i5_40 | BT41: NEBNextDi703-NEBNextDi508 | BU41: NEBEM7_H5-NEBEM5_H5 | BV41: NEBEM7_H2-NEBEM5_H2 | BW41: NEBNextSI7Set4_S39 | BX41: NEBNXT_P40 | BY41: NEBNextUDI7_H05-NEBNextUDI5_H05 | BZ41: NEBNextUDI7Set2_H05-NEBNextUDI5Set2_H05 | CA41: NEBNextUDI7Set3_H05-NEBNextUDI5Set3_H05 | CB41: NEBNextUDI7Set4_H05-NEBNextUDI5Set4_H05 | CC41: OMIXA040 | CD41: BC40 | CF41: PBio_WT40_H5_i7-PBio_WT40_H5_i5 | CG41: BioO_NextFlexChIPSeq_40 | CH41: BioOHT_40 | CJ41: i7RUDI_040-i5RUDI_040 | CK41: QIAUDI7040-QIAUDI5040 | CL41: QIASeq_miRNA_MIHT40 | CM41: QIAmiRNA_IDP40 | CN41: i7QDIY040-i5QDIY040 | CO41: KAPA_UDI40_H05_i7-KAPA_UDI40_H05_i5 | CP41: SBX_X104-SBX_X089 | CQ41: SU7040-SU5040 | CR41: U040_i7-U040_i5 | CS41: OvationSolo_RNASeq_BC040 | CT41: TwinSDP740-TwinSDP540 | CV41: Twist_UDI_plateA_H05_i7-Twist_UDI_plateA_H05_i5 | CX41: B703-B508 | CY41: D705rc-D508 | DA41: v2_Ad2.40-v2_Ad1.40 | DC41: SA705-SA508
D42: A06 | E42: D05 | F42: I03 | G42: B17 | H42: E05 | I42: E05 | J42: A05 | K42: E01 | L42: B01 | U42: Integrated_DNA_Technologies_IDT-xGen_UDI-UMI_Adapters_8bp_2_digit | W42: SI_NN7_D05-SI_NN5_D05 | X42: SI_NT7_D05-SI_NT5_D05 | Y42: SI_TN7_D05-SI_TN5_D05 | Z42: SI_TS7_D05-SI_TS5_D05 | AA42: SI_TT7_D05-SI_TT5_D05 | AB42: SI-NA-A6 | AC42: SI-GA-D5 | AD42: HaloPlex_Blue_A06 | AF42: SSXTHSV27041-SSXTHSV25041 | AG42: SSXTLI7041 | AH42: SSXT706A | AK42: BROAD_sgRNA_D05 | AL42: BRD702-BRD517 | AM42: Diag_Set2_UDI_48_i7-Diag_Set2_UDI_48_i5 | AP42: CUTANA_i706-CUTANA_i501 | AQ42: GenDx041_I705-I502 | AR42: i7DSP0019-i5DSP0019 | AS42: HIVE_V1_i7_D-05_HIVE_V1_i5 | AT42: HIVE_V2_i7_A06-HIVE_V2_i5_A06 | AU42: UDP70041-UDP50041 | AV42: UDP70041-UDP50041 | AW42: UDP70041-UDP50041 | AX42: UDI70041-UDI50041 | AY42: UDI70041-UDI50041 | AZ42: H703-H505 | BA42: N703-E505 | BB42: N703-N505 | BC42: N703-S505 | BD42: D706-D501 | BF42: RPI41 | BG42: A706-A501 | BH42: IDTN7041-IDTN5041 | BI42: IDT_10nt_UDI_i7_041-IDT_10nt_UDI_i5_041 | BJ42: IDT741-IDT541 | BK42: IDTU741-IDTU541 | BL42: IDTU7041-IDTU5041 | BM42: IDTMU741-IDTMU541 | BN42: 05D_Methylv2_TS_UDI_UMI_IDT8nt_i7_41-Methylv2_TS_UDI_UMI_IDT8nt_i5_41 | BP42: MGI41_A06_Barcode_81 | BQ42: MGI_Barcode1_UDB_041-MGI_Barcode2_UDB_041 | BS42: mloop_i7_41-mloop_i5_41 | BT42: NEBNextDi703-NEBNextDi509 | BU42: NEBEM7_A6-NEBEM5_A6 | BV42: NEBEM7_A3-NEBEM5_A3 | BW42: NEBNextSI7Set4_S40 | BX42: NEBNXT_P41 | BY42: NEBNextUDI7_A06-NEBNextUDI5_A06 | BZ42: NEBNextUDI7Set2_A06-NEBNextUDI5Set2_A06 | CA42: NEBNextUDI7Set3_A06-NEBNextUDI5Set3_A06 | CB42: NEBNextUDI7Set4_A06-NEBNextUDI5Set4_A06 | CC42: OMIXA041 | CD42: BC41 | CF42: PBio_WT41_A6_i7-PBio_WT41_A6_i5 | CG42: BioO_NextFlexChIPSeq_41 | CH42: BioOHT_41 | CJ42: i7RUDI_041-i5RUDI_041 | CK42: QIAUDI7041-QIAUDI5041 | CL42: QIASeq_miRNA_MIHT41 | CM42: QIAmiRNA_IDP41 | CN42: i7QDIY041-i5QDIY041 | CO42: KAPA_UDI41_A06_i7-KAPA_UDI41_A06_i5 | CP42: SBX_X104-SBX_X021 | CQ42: SU7041-SU5041 | CR42: U041_i7-U041_i5 | CS42: OvationSolo_RNASeq_BC041 | CT42: TwinSDP741-TwinSDP541 | CV42: Twist_UDI_plateA_A06_i7-Twist_UDI_plateA_A06_i5 | CX42: B703-B509 | CY42: D706rc-D501 | DA42: v2_Ad2.41-v2_Ad1.41 | DC42: SA706-SA501
D43: B06 | E43: D06 | F43: J03 | G43: B18 | H43: F05 | I43: E06 | J43: B05 | K43: E02 | L43: C01 | U43: Integrated_DNA_Technologies_IDT-xGen_UDI-UMI_Adapters_8bp_3_digit | W43: SI_NN7_D06-SI_NN5_D06 | X43: SI_NT7_D06-SI_NT5_D06 | Y43: SI_TN7_D06-SI_TN5_D06 | Z43: SI_TS7_D06-SI_TS5_D06 | AA43: SI_TT7_D06-SI_TT5_D06 | AB43: SI-NA-B6 | AC43: SI-GA-D6 | AD43: HaloPlex_Blue_B06 | AF43: SSXTHSV27042-SSXTHSV25042 | AG43: SSXTLI7042 | AH43: SSXT706B | AK43: BROAD_sgRNA_D06 | AL43: BRD702-BRD518 | AM43: Diag_Set2_UDI_49_i7-Diag_Set2_UDI_49_i5 | AP43: CUTANA_i706-CUTANA_i502 | AQ43: GenDx042_I706-I502 | AR43: i7DSP0020-i5DSP0020 | AS43: HIVE_V1_i7_D-06_HIVE_V1_i5 | AT43: HIVE_V2_i7_B06-HIVE_V2_i5_B06 | AU43: UDP70042-UDP50042 | AV43: UDP70042-UDP50042 | AW43: UDP70042-UDP50042 | AX43: UDI70042-UDI50042 | AY43: UDI70042-UDI50042 | AZ43: H703-H506 | BA43: N703-E506 | BB43: N703-N506 | BC43: N703-S506 | BD43: D706-D502 | BF43: RPI42 | BG43: A706-A502 | BH43: IDTN7042-IDTN5042 | BI43: IDT_10nt_UDI_i7_042-IDT_10nt_UDI_i5_042 | BJ43: IDT742-IDT542 | BK43: IDTU742-IDTU542 | BL43: IDTU7042-IDTU5042 | BM43: IDTMU742-IDTMU542 | BN43: 06D_Methylv2_TS_UDI_UMI_IDT8nt_i7_42-Methylv2_TS_UDI_UMI_IDT8nt_i5_42 | BP43: MGI42_B06_Barcode_82 | BQ43: MGI_Barcode1_UDB_042-MGI_Barcode2_UDB_042 | BS43: mloop_i7_42-mloop_i5_42 | BT43: NEBNextDi703-NEBNextDi510 | BU43: NEBEM7_B6-NEBEM5_B6 | BV43: NEBEM7_B3-NEBEM5_B3 | BW43: NEBNextSI7Set4_S41 | BX43: NEBNXT_P42 | BY43: NEBNextUDI7_B06-NEBNextUDI5_B06 | BZ43: NEBNextUDI7Set2_B06-NEBNextUDI5Set2_B06 | CA43: NEBNextUDI7Set3_B06-NEBNextUDI5Set3_B06 | CB43: NEBNextUDI7Set4_B06-NEBNextUDI5Set4_B06 | CC43: OMIXA042 | CD43: BC42 | CF43: PBio_WT42_B6_i7-PBio_WT42_B6_i5 | CG43: BioO_NextFlexChIPSeq_42 | CH43: BioOHT_42 | CJ43: i7RUDI_042-i5RUDI_042 | CK43: QIAUDI7042-QIAUDI5042 | CL43: QIASeq_miRNA_MIHT42 | CM43: QIAmiRNA_IDP42 | CN43: i7QDIY042-i5QDIY042 | CO43: KAPA_UDI42_B06_i7-KAPA_UDI42_B06_i5 | CP43: SBX_X104-SBX_X024 | CQ43: SU7042-SU5042 | CR43: U042_i7-U042_i5 | CS43: OvationSolo_RNASeq_BC042 | CT43: TwinSDP742-TwinSDP542 | CV43: Twist_UDI_plateA_B06_i7-Twist_UDI_plateA_B06_i5 | CX43: B703-B510 | CY43: D706rc-D502 | DA43: v2_Ad2.42-v2_Ad1.42 | DC43: SA706-SA502
